id,customer_id,product_id,rating,title,content,status,thank_count,comment_count,images,seller_id,seller_name,delivery_rating
20103761,21738668,275793440,5,Cực kì hài lòng,,approved,0,1,[],170925,Dtpbooks,[]
20020366,27891689,275793440,5,Cực kì hài lòng,,approved,0,1,[],170925,Dtpbooks,[]
20135846,30246663,275793166,5,Cực kì hài lòng,Đợi script phần nghe huhuhu,approved,0,1,[],170925,Dtpbooks,[]
20162300,778461,275793166,5,Cực kì hài lòng,,approved,0,1,[],170925,Dtpbooks,[]
20162306,778461,275793073,5,Cực kì hài lòng,,approved,0,1,[],170925,Dtpbooks,[]
20020364,27891689,275793073,5,Cực kì hài lòng,,approved,0,1,[],170925,Dtpbooks,[]
19963007,30091763,275786048,5,Cực kì hài lòng,"Rất hài lòng sách đẹp đã nhận bao bì đẹp, gửi rất là nhanh….",approved,0,1,"[{'id': 4373557, 'full_path': 'https://salt.tikicdn.com/ts/review/2e/59/a5/ee59dfbeb6271e495d89d1089cc62766.jpg', 'status': 'approved'}]",170925,Dtpbooks,"[{'question': 'Thời gian giao hàng?', 'option': 'Giao đúng hẹn'}, {'question': 'Thái độ của shipper?', 'option': 'Lịch sự'}, {'question': 'Giờ giao hàng?', 'option': 'Có hẹn giờ trước'}, {'question': 'Cách đóng gói sản phẩm?', 'option': 'Cẩn thận'}]"
20130891,9134489,275786048,5,Cực kì hài lòng,,approved,0,1,[],170925,Dtpbooks,"[{'question': 'Thời gian giao hàng?', 'option': 'Giao đúng hẹn'}, {'question': 'Thái độ của shipper?', 'option': 'Lịch sự'}, {'question': 'Giờ giao hàng?', 'option': 'Có hẹn giờ trước'}, {'question': 'Cách đóng gói sản phẩm?', 'option': 'Cẩn thận'}]"
19985305,28962356,275786048,5,Cực kì hài lòng,,approved,0,1,[],170925,Dtpbooks,[]
20086522,17187422,275571485,5,Cực kì hài lòng,"Này cũng rất hay. Đáng tiền. Hai quyển này dùng kèm Practice Tests 9 của DTP là xịn mịn. Ai day Right on hay Smart World thi dùng kèm sách Bài tập bổ trợ hoặc Bồi dưỡng thì tuyệt vời, khỏi phải lo tìm nguồn trôi nổi Thích nữa là sách DTP luôn kèm App ......chấm bài tự động.....Mình tiết kiệm được rát nhiều thời gian.",approved,0,1,[],170925,Dtpbooks,[]
20088556,689563,275571485,5,Cực kì hài lòng,,approved,0,1,[],170925,Dtpbooks,[]
20079598,22713083,275571485,5,Cực kì hài lòng,,approved,1,1,[],170925,Dtpbooks,[]
19990341,16559769,275571485,5,Cực kì hài lòng,,approved,1,1,[],170925,Dtpbooks,"[{'question': 'Thời gian giao hàng?', 'option': 'Giao đúng hẹn'}, {'question': 'Thái độ của shipper?', 'option': 'Lịch sự'}, {'question': 'Giờ giao hàng?', 'option': 'Có hẹn giờ trước'}, {'question': 'Cách đóng gói sản phẩm?', 'option': 'Cẩn thận'}]"
19972483,15624931,275571485,5,Cực kì hài lòng,,approved,1,1,[],170925,Dtpbooks,"[{'question': 'Thời gian giao hàng?', 'option': 'Giao đúng hẹn'}, {'question': 'Thái độ của shipper?', 'option': 'Lịch sự'}, {'question': 'Giờ giao hàng?', 'option': 'Có hẹn giờ trước'}, {'question': 'Cách đóng gói sản phẩm?', 'option': 'Cẩn thận'}]"
20086520,17187422,275571109,5,Cực kì hài lòng,Mua và dùng thử thấy hay mới quay lại review. Sách đáng tiền. Ứng dụng Online Practice thật ngon cho cả HS và GV. Mình đã giới thiệu cho các đồng nghiệp mua để dạy ôn tập cho HS. Ủng hộ shop.,approved,0,1,[],170925,Dtpbooks,[]
20088555,689563,275571109,5,Cực kì hài lòng,,approved,0,1,[],170925,Dtpbooks,[]
20079597,22713083,275571109,5,Cực kì hài lòng,,approved,0,1,[],170925,Dtpbooks,[]
20040184,601187,275571109,5,Cực kì hài lòng,,approved,0,1,[],170925,Dtpbooks,[]
20037803,28159686,275571109,5,Cực kì hài lòng,,approved,0,1,[],170925,Dtpbooks,[]
20024089,28008500,275571109,5,Cực kì hài lòng,,approved,0,1,[],170925,Dtpbooks,[]
19990343,16559769,275571109,5,Cực kì hài lòng,,approved,1,1,[],170925,Dtpbooks,"[{'question': 'Thời gian giao hàng?', 'option': 'Giao đúng hẹn'}, {'question': 'Thái độ của shipper?', 'option': 'Lịch sự'}, {'question': 'Giờ giao hàng?', 'option': 'Có hẹn giờ trước'}, {'question': 'Cách đóng gói sản phẩm?', 'option': 'Cẩn thận'}]"
19972482,15624931,275571109,5,Cực kì hài lòng,,approved,0,1,[],170925,Dtpbooks,"[{'question': 'Thời gian giao hàng?', 'option': 'Giao đúng hẹn'}, {'question': 'Thái độ của shipper?', 'option': 'Lịch sự'}, {'question': 'Giờ giao hàng?', 'option': 'Có hẹn giờ trước'}, {'question': 'Cách đóng gói sản phẩm?', 'option': 'Cẩn thận'}]"
20086518,17187422,275062854,5,Cực kì hài lòng,"Mua tặng cho HS. HS làm bài tốt. Sách viết hay, dạng bài phong phú và tiệm cận với các bài kiểm tra đánh giá thường xuyên và định kì. Rất đáng mua. Giá thì quá hợp lý. Sẽ luôn ủng hộ DTP.",approved,0,1,[],170925,Dtpbooks,[]
20134085,16488575,275062854,5,Cực kì hài lòng,,approved,0,1,[],170925,Dtpbooks,[]
19900861,5715112,275062854,5,Cực kì hài lòng,"Giao cực kỳ nhanh, đóng gói rất đẹp",approved,0,1,"[{'id': 4361402, 'full_path': 'https://salt.tikicdn.com/ts/review/e7/c8/ec/797275751e864b1c42a20489c51b9202.jpg', 'status': 'approved'}]",170925,Dtpbooks,"[{'question': 'Thời gian giao hàng?', 'option': 'Giao đúng hẹn'}, {'question': 'Thái độ của shipper?', 'option': 'Lịch sự'}, {'question': 'Giờ giao hàng?', 'option': 'Có hẹn giờ trước'}, {'question': 'Cách đóng gói sản phẩm?', 'option': 'Cẩn thận'}]"
19949156,20065513,275062854,5,Cực kì hài lòng,,approved,0,1,[],170925,Dtpbooks,[]
20123465,8843980,274961622,5,Cực kì hài lòng,,approved,0,1,[],170925,Dtpbooks,[]
18133827,21645532,105664886,5,Cực kì hài lòng,,approved,0,0,[],53660,Nhà sách Fahasa,[]
14064082,26122438,105664886,5,Cực kì hài lòng,"sản phẩm đẹp ,hàng giao nhanh không có gì để chê",approved,0,0,[],53660,Nhà sách Fahasa,[]
16211272,12118494,96290238,5,Cực kì hài lòng,,approved,0,0,"[{'id': 3442486, 'full_path': 'https://salt.tikicdn.com/ts/review/66/c9/44/b67a2f6c70eecc1503c6381ed2c488b9.jpg', 'status': 'approved'}]",53660,Nhà sách Fahasa,[]
16089936,27099537,96290238,5,Cực kì hài lòng,,approved,0,0,[],53660,Nhà sách Fahasa,[]
15390160,11217383,93296647,4,Hài lòng,"sách thì tốt đấy nhưng cách đóng gói lại có vấn đề
hộp đóng gói khá là ko chắc chắn khiến hộp bị méo mó trong quá trình vận chuyển dẫn đên việc sách có chút nhào
còn chất lượng thì giống như mau ngoài nhà sách thôi",approved,0,1,"[{'id': 3224131, 'full_path': 'https://salt.tikicdn.com/ts/review/25/a0/b5/b07a8671778bd1388eb5ab931edf90ad.jpg', 'status': 'approved'}, {'id': 3224132, 'full_path': 'https://salt.tikicdn.com/ts/review/b4/af/42/7d77bfb7586e71968cea1dfb92857080.jpg', 'status': 'approved'}, {'id': 3224133, 'full_path': 'https://salt.tikicdn.com/ts/review/9e/9f/f8/db2fd7445d620d1a198f06469fc83669.jpg', 'status': 'approved'}, {'id': 3224134, 'full_path': 'https://salt.tikicdn.com/ts/review/a9/6c/bc/3e439ed10dfd474688ac1a2e0268de81.jpg', 'status': 'approved'}, {'id': 3224135, 'full_path': 'https://salt.tikicdn.com/ts/review/66/16/9d/84bab31398e7b2b3fd92e28eafbf3c65.jpg', 'status': 'approved'}]",137344,The King of Books,[]
19102352,23445383,93296647,5,Cực kì hài lòng,"Nhìn sách rất muốn học luôn á, giao hàng nhanh. Tuy ở xa nhưng sách vẫn nguyên vẹn. Mong là nó sẽ giúp mình đậu trong kỳ thi tiếng Anh sắp tới! Mua Mcbooks nhiều lần rồi, rất ưng!",approved,0,0,"[{'id': 4190226, 'full_path': 'https://salt.tikicdn.com/ts/review/08/ea/d7/b27ae881e1607e6cbc47e67864ad9c1b.jpg', 'status': 'approved'}]",12954,MCBooks,[]
19882227,11623495,93296647,5,Cực kì hài lòng,"Sách đóng gói cẩn thận 
Chất lượng giấy tốt",approved,0,0,"[{'id': 4358126, 'full_path': 'https://salt.tikicdn.com/ts/review/cf/23/4c/b922898c5c79e1f4937ce2080cb25570.jpg', 'status': 'approved'}]",12954,MCBooks,"[{'question': 'Thời gian giao hàng?', 'option': 'Giao đúng hẹn'}, {'question': 'Thái độ của shipper?', 'option': 'Lịch sự'}, {'question': 'Giờ giao hàng?', 'option': 'Có hẹn giờ trước'}, {'question': 'Cách đóng gói sản phẩm?', 'option': 'Cẩn thận'}]"
12992154,728689,93296647,5,Cực kì hài lòng,"Trong đầu nghĩ là mua từ vựng mà mình lại mua ngữ pháp hic hic . Sách in rõ ràng , giao siêu tốc . 
Giờ mình mua tiếp từ vựng .
Có tặng Ebooks nhưng mình chưa tìm hiểu .",approved,0,0,"[{'id': 2696070, 'full_path': 'https://salt.tikicdn.com/ts/review/6a/54/b6/b6d8e2da092d8afb0a67aed6f09993c5.jpg', 'status': 'approved'}, {'id': 2696071, 'full_path': 'https://salt.tikicdn.com/ts/review/a5/12/68/39fb9dccd7dd0a30d57f3bc6a42cb703.jpg', 'status': 'approved'}, {'id': 2696072, 'full_path': 'https://salt.tikicdn.com/ts/review/32/5e/0b/d985cb89d03115f24488bdfd4c0de193.jpg', 'status': 'approved'}]",12954,MCBooks,[]
19845459,18303938,93296647,4,Hài lòng,Ok,approved,0,0,[],12954,MCBooks,"[{'question': 'Thời gian giao hàng?', 'option': 'Giao đúng hẹn'}, {'question': 'Thái độ của shipper?', 'option': 'Lịch sự'}, {'question': 'Giờ giao hàng?', 'option': 'Có hẹn giờ trước'}, {'question': 'Cách đóng gói sản phẩm?', 'option': 'Cẩn thận'}]"
16378429,5351920,93296647,1,Rất không hài lòng,"khổ sách quá bé, nên chữ bé tí. Trình bày nhìn bắt mắt nhưng soi kỹ thì hiệu quả khá thấp về mặt nội dung cốt lõi",approved,0,0,[],260511,MCBooks Hạnh Phúc,[]
19556049,18092272,93296647,5,Cực kì hài lòng,,approved,0,1,[],285428,MCBooks Sài Gòn,[]
17657769,28138009,93296647,5,Cực kì hài lòng,"Giao hàng nhanh, đóng gói cẩn thện, sách đẹp.",approved,0,0,"[{'id': 3863893, 'full_path': 'https://salt.tikicdn.com/ts/review/e8/15/1a/7b8f0b8e474c670752965a9f6fbab4c7.jpg', 'status': 'approved'}]",285428,MCBooks Sài Gòn,[]
12681618,11843943,93296647,1,Rất không hài lòng,shop ***... đăng bài 2 quyển ship 1 quyển ... *** gạt người tiêu dùng... Có 0 sao cũng đánh giá rồi... phẫn nộ,approved,0,1,"[{'id': 2614922, 'full_path': 'https://salt.tikicdn.com/ts/review/e4/52/ac/16712d3621b0d74896e6875515615d01.jpg', 'status': 'approved'}]",137344,The King of Books,[]
15931904,27291838,93296647,5,Cực kì hài lòng,"giao hàng khá nhanh, 3 ngày là đã có sách rồi nhưng sách bị bẩn một chút",approved,0,0,"[{'id': 3361972, 'full_path': 'https://salt.tikicdn.com/ts/review/58/7c/43/e48260e9c202a618c3af1e193c98cb2c.jpg', 'status': 'approved'}]",148005,BOOKS QUEEN,[]
12396948,603809,93296647,1,Rất không hài lòng,"Shop ko uy tín, shop đăng combo 2 cuốn Grammar và Từ vựng nhưng tôi chỉ nhận được 1 cuốn Từ Vựng, giá lại đắt hơn shop khác. Rất không hài lòng",approved,4,1,[],12954,MCBooks,[]
14950127,20537848,93296647,5,Cực kì hài lòng,"Chất lượng sản phẩm tuyệt vời
Đóng gói sản phẩm đẹp và chắc chắn",approved,0,0,"[{'id': 3128804, 'full_path': 'https://salt.tikicdn.com/ts/review/9f/50/a3/682a03d54b7c445374ea3bec83507c86.jpg', 'status': 'approved'}]",12954,MCBooks,[]
11300904,12021765,93296647,1,Rất không hài lòng,"Đề nghị shop xem lại đơn hàng, rõ ràng để combo 2 sách cà ngữ pháp và từ vựng mà lại gửi chỉ có 1 sách ngữ pháp. *** đảo khách hàng như vậy ah.",approved,5,2,[],12954,MCBooks,[]
12719997,16802804,93296647,5,Cực kì hài lòng,"Sách đẹp, màu đẹp, tuy nhiên giấy cuốn grammar mỏng quá, trùng màu sắc khó nhìn.",approved,0,0,"[{'id': 2624962, 'full_path': 'https://salt.tikicdn.com/ts/review/75/3d/c4/c2f6f17a6e1c3b38c3da4f1d3efedf59.jpg', 'status': 'approved'}]",12954,MCBooks,[]
10941771,12868142,93296647,1,Rất không hài lòng,Em thấy để combo 2 cuốn nhưng shop chỉ giao 1 cuốn cho e thui ???,approved,1,2,"[{'id': 2246054, 'full_path': 'https://salt.tikicdn.com/ts/review/ba/09/8e/37b00cf8608f269285267e44a10fc3d9.jpg', 'status': 'approved'}, {'id': 2246055, 'full_path': 'https://salt.tikicdn.com/ts/review/80/3c/af/ba18965410bcb3225676c727bdbb7d13.jpg', 'status': 'approved'}]",154675,THƯƠNG THƯƠNG,[]
16892996,27744847,93296647,5,Cực kì hài lòng,"Sách rất tốt, sạch đẹp, giao hàng cũng rất nhanh",approved,0,0,[],285428,TheWindy Official Store,[]
14931447,26729883,93296647,5,Cực kì hài lòng,"Chất lượng tốt, giao nhanh, học dễ hiểu",approved,1,0,"[{'id': 3125468, 'full_path': 'https://salt.tikicdn.com/ts/review/60/21/ab/e5d20e6c27db19b384b9e05d86365d14.jpg', 'status': 'approved'}]",148005,BOOKS QUEEN,[]
14862124,26588919,93296647,5,Cực kì hài lòng,ok,approved,0,0,"[{'id': 3376159, 'full_path': 'https://salt.tikicdn.com/ts/review/c2/29/1e/e5d2217f43fa415ccda94f8d5ab5fc75.jpg', 'status': 'approved'}, {'id': 3376160, 'full_path': 'https://salt.tikicdn.com/ts/review/92/fd/e4/d03b702f236faa2a1a8d4ebe44d5d48e.jpg', 'status': 'approved'}]",12954,MCBooks,[]
10410917,571215,93296647,5,Cực kì hài lòng,"Sách có giấy chất lượng, nội dung hay và phù hợp vs người đi làm học tăng vốn từ",approved,1,0,"[{'id': 2134980, 'full_path': 'https://salt.tikicdn.com/ts/review/e7/5c/12/3af6579de8689a4c353e7ecaa237ec15.jpg', 'status': 'approved'}]",154675,THƯƠNG THƯƠNG,[]
18376925,17629605,93296647,5,Cực kì hài lòng,,approved,0,0,[],12954,MCBooks,[]
18266367,16419353,93296647,5,Cực kì hài lòng,,approved,0,0,[],285428,MCBooks Sài Gòn,[]
10699048,18823904,93296647,3,Bình thường,combo mà sao thấy quyển grammar mà không có quyển vocabulary vậy,approved,1,1,"[{'id': 2196346, 'full_path': 'https://salt.tikicdn.com/ts/review/26/71/e1/1a4c7d29cb06f3df9b390aca85997537.jpg', 'status': 'approved'}]",154675,THƯƠNG THƯƠNG,[]
11031339,265552,93296647,1,Rất không hài lòng,bán thì ghi combo 2 quyển nhưng nhận chỉ có 1 quyển ngữ pháp là thế nào shop. làm ăn kỳ vậy.,approved,1,3,[],137344,The King of Books,[]
12609129,8489154,93296647,1,Rất không hài lòng,đơn hàng gửi thiếu chỉ có 1 quyển,approved,0,1,"[{'id': 2595835, 'full_path': 'https://salt.tikicdn.com/ts/review/a7/01/c8/be3f4d01950246542b2b09fa65e4f785.jpg', 'status': 'approved'}]",137344,The King of Books,[]
15341652,23681339,93296647,5,Cực kì hài lòng,Good,approved,0,0,"[{'id': 3688169, 'full_path': 'https://salt.tikicdn.com/ts/review/d2/d4/7c/6a216e0b8f3484e9716a85d00e2234a6.jpg', 'status': 'approved'}]",12954,MCBooks,[]
15836066,16844983,93296647,5,Cực kì hài lòng,"Đáng đồng tiền, sách quá là ok",approved,0,0,[],148005,BOOKS QUEEN,[]
12962344,16864834,93296647,3,Bình thường,sp tốt nhưng giao hàng chậm đặt từ tháng 9 tháng 11 giao,approved,0,0,[],12954,MCBooks,[]
16818750,7715504,93296647,5,Cực kì hài lòng,,approved,0,0,[],285428,TheWindy Official Store,[]
11397499,17182658,93296647,1,Rất không hài lòng,"Cửa hàng giao thiếu quyển mindmap English vocabulary, gọi điện ko nghe máy.",approved,1,2,[],137344,The King of Books,[]
15492510,8563581,93296647,5,Cực kì hài lòng,giao hàng nhanh,approved,0,0,[],148005,BOOKS QUEEN,[]
16261169,27175886,93296647,5,Cực kì hài lòng,,approved,0,0,[],12954,MCBooks,[]
13330264,21907358,93296647,5,Cực kì hài lòng,"sách dùng ổn, sẽ ủng hộ shop nhiều",approved,0,0,[],12954,MCBooks,[]
11400214,17534207,93296647,5,Cực kì hài lòng,sách rất hữu ích với tôi,approved,0,0,"[{'id': 2342995, 'full_path': 'https://salt.tikicdn.com/ts/review/ff/38/12/c398791d025622e65cfa18192e3697fb.jpg', 'status': 'approved'}]",12954,MCBooks,[]
15808416,992323,93296647,5,Cực kì hài lòng,,approved,0,0,[],12954,MCBooks,[]
15769854,21235308,93296647,5,Cực kì hài lòng,,approved,0,0,[],12954,MCBooks,[]
15444295,15895521,93296647,5,Cực kì hài lòng,,approved,0,1,[],137344,The King of Books,[]
15211383,12877689,93296647,5,Cực kì hài lòng,,approved,0,1,[],137344,The King of Books,[]
15182328,26329847,93296647,5,Cực kì hài lòng,,approved,0,0,[],12954,MCBooks,[]
15072505,8384515,93296647,5,Cực kì hài lòng,,approved,0,0,[],12954,MCBooks,[]
10174468,10896850,93296647,1,Rất không hài lòng,sản phẩm giao bị thiếu. đề ngjij liên hệ lại với tôi,approved,1,2,[],154675,THƯƠNG THƯƠNG,[]
14864160,26589886,93296647,5,Cực kì hài lòng,,approved,0,0,[],12954,MCBooks,[]
14833207,23382610,93296647,5,Cực kì hài lòng,,approved,0,0,[],12954,MCBooks,[]
14824714,7183559,93296647,5,Cực kì hài lòng,,approved,0,0,[],148005,BOOKS QUEEN,[]
14654516,8588112,93296647,5,Cực kì hài lòng,,approved,0,0,[],12954,MCBooks,[]
14092442,798894,93296647,5,Cực kì hài lòng,,approved,0,0,[],12954,MCBooks,[]
13228791,6922750,93296647,5,Cực kì hài lòng,sách hay,approved,0,0,[],12954,MCBooks,[]
13777801,18715391,93296647,5,Cực kì hài lòng,,approved,0,0,[],12954,MCBooks,[]
13372363,10909300,93296647,5,Cực kì hài lòng,,approved,0,0,[],137344,The King of Books,[]
13071424,22452368,93296647,5,Cực kì hài lòng,,approved,0,0,[],12954,MCBooks,[]
13013201,24585805,93296647,5,Cực kì hài lòng,,approved,0,0,[],12954,MCBooks,[]
13005460,8438241,93296647,4,Hài lòng,,approved,0,1,[],137344,The King of Books,[]
12951996,22613213,93296647,5,Cực kì hài lòng,,approved,0,0,[],12954,MCBooks,[]
12752984,6929267,93296647,5,Cực kì hài lòng,,approved,0,0,[],12954,MCBooks,[]
12576632,23922113,93296647,5,Cực kì hài lòng,,approved,0,0,[],12954,MCBooks,[]
12512489,10154425,93296647,5,Cực kì hài lòng,,approved,0,0,[],12954,MCBooks,[]
12436502,21582000,93296647,5,Cực kì hài lòng,,approved,0,0,[],12954,MCBooks,[]
11201360,19465240,93296647,5,Cực kì hài lòng,,approved,1,1,[],137344,The King of Books,[]
10128293,790898,93296647,5,Cực kì hài lòng,,approved,0,0,[],154675,THƯƠNG THƯƠNG,[]
17304394,11088093,91089704,5,Cực kì hài lòng,"Sản phẩm rất tốt, vận chuyển nhanh, rất hài lòng",approved,0,0,"[{'id': 3760253, 'full_path': 'https://salt.tikicdn.com/ts/review/1f/44/84/a67ac68ea65fac71f6d95871da174825.jpg', 'status': 'approved'}]",53660,Nhà sách Fahasa,[]
11716015,6539753,91089704,5,Cực kì hài lòng,"Tiki đóng gói và giao hàng nhanh chóng, hàng hóa đúng như mô tả, mình rất hài lòng!!!",approved,2,0,"[{'id': 2397552, 'full_path': 'https://salt.tikicdn.com/ts/review/33/e5/bd/c4958078d30978c6b136e179e0004ff3.jpg', 'status': 'approved'}]",53660,Nhà sách Fahasa,[]
17908479,28016535,91089704,5,Cực kì hài lòng,,approved,0,0,[],53660,Nhà sách Fahasa,[]
17812283,18341694,91089704,5,Cực kì hài lòng,,approved,0,0,[],53660,Nhà sách Fahasa,[]
17754966,8404578,91089704,5,Cực kì hài lòng,,approved,0,0,[],53660,Nhà sách Fahasa,[]
17223452,27600046,91089704,5,Cực kì hài lòng,,approved,0,0,[],53660,Nhà sách Fahasa,[]
16515089,20753676,91089704,5,Cực kì hài lòng,,approved,0,0,[],53660,Nhà sách Fahasa,[]
15198008,17090319,91089704,5,Cực kì hài lòng,,approved,0,0,[],53660,Nhà sách Fahasa,[]
15110100,24092851,91089704,5,Cực kì hài lòng,,approved,0,0,[],53660,Nhà sách Fahasa,[]
14677762,22101123,91089704,5,Cực kì hài lòng,,approved,0,0,[],53660,Nhà sách Fahasa,[]
13923225,608805,91089704,5,Cực kì hài lòng,,approved,0,0,[],53660,Nhà sách Fahasa,[]
13453838,25009886,91089704,5,Cực kì hài lòng,,approved,0,0,[],53660,Nhà sách Fahasa,[]
16278431,27464792,73585149,5,Cực kì hài lòng,Ok,approved,0,0,"[{'id': 3474310, 'full_path': 'https://salt.tikicdn.com/ts/review/b2/fa/c7/5fe90385f4eaff389fa7a2e40401a92b.jpg', 'status': 'approved'}]",53660,Nhà sách Fahasa,[]
15611284,7435519,73585149,5,Cực kì hài lòng,"tr ơi, đỉnh lắm ạ",approved,0,0,[],53660,Nhà sách Fahasa,[]
16223589,22007497,73585149,5,Cực kì hài lòng,,approved,0,0,[],53660,Nhà sách Fahasa,[]
14884938,26668951,73585149,5,Cực kì hài lòng,,approved,0,0,[],53660,Nhà sách Fahasa,[]
14563547,16499889,73585149,5,Cực kì hài lòng,,approved,0,0,[],53660,Nhà sách Fahasa,[]
20138250,30412385,513884,5,Cực kì hài lòng,Sách tốt,approved,0,0,[],53660,Nhà sách Fahasa,[]
13567875,17827061,513884,5,Cực kì hài lòng,sách hữư ích,approved,0,0,"[{'id': 2833763, 'full_path': 'https://salt.tikicdn.com/ts/review/d7/53/9f/f4882a86fc59f907b9f1f2c4168ab8af.jpg', 'status': 'approved'}, {'id': 3002206, 'full_path': 'https://salt.tikicdn.com/ts/review/56/25/28/3d243390e714e831c53a4b32e90f72fc.jpg', 'status': 'approved'}]",53660,Nhà sách Fahasa,[]
6220512,974161,513884,5,Cực kì hài lòng,"Sách hơi cũ, có cd",approved,0,0,[],53660,Nhà sách Fahasa,[]
7996228,7940370,513884,5,Cực kì hài lòng,,approved,0,0,[],53660,Nhà sách Fahasa,[]
7624282,7530944,513884,5,Cực kì hài lòng,,approved,0,0,[],53660,Nhà sách Fahasa,[]
20162278,778461,277722327,5,Cực kì hài lòng,,approved,0,1,[],170925,Dtpbooks,[]
20124082,17187422,277719818,5,Cực kì hài lòng,"Tìm mấy năm mới ra được sách C2 tại VN. Trước giờ nghĩ k biết cách nào để mua sách tại nước ngoài, may quá tìm thấy ở DTP. Giá phù hợp. Ứng dụng Online Practice rất hay.",approved,0,1,[],170925,Dtpbooks,[]
20121037,15624931,277717492,5,Cực kì hài lòng,,approved,0,1,[],170925,Dtpbooks,"[{'question': 'Thời gian giao hàng?', 'option': 'Giao đúng hẹn'}, {'question': 'Thái độ của shipper?', 'option': 'Lịch sự'}, {'question': 'Giờ giao hàng?', 'option': 'Có hẹn giờ trước'}, {'question': 'Cách đóng gói sản phẩm?', 'option': 'Cẩn thận'}]"
16974899,27780330,174182832,5,Cực kì hài lòng,,approved,0,0,[],53660,Nhà sách Fahasa,[]
15549223,16499889,169887399,5,Cực kì hài lòng,,approved,0,0,[],53660,Nhà sách Fahasa,[]
14015474,1865003,91998790,5,Cực kì hài lòng,Sách rất chi tiết và dễ hiểu. 1 nửa sách là đáp án có dịch tiếng việt rất cụ thể nên có thể học đc kha khá từ vựng khi học. Vì sách chi tiết và đi đúng trọng tâm nên kể cả ng chưa biết gì cũng đã hình dung đc phần nào về bài thì và bớt hoang mang hơn. Có 1 số mẹo làm bài nhưng chưa nhiều . Sách chủ yếu dậy cách nắm bắt bài thi và tập trung vào đâu để có câu trả lời đúng. Rất đáng mua ạ,approved,0,2,"[{'id': 2930353, 'full_path': 'https://salt.tikicdn.com/ts/review/a8/22/7d/fb631e7a39735d564a9c3d99e88e56d9.jpg', 'status': 'approved'}]",111899,Sống Official,[]
12091317,22742379,91998790,5,Cực kì hài lòng,"sách đẹp, bìa đẹp, nội dung đơn giản, dễ hiểu nhưng khá chi tiết. “Muốn đi nhanh, hãy đi chậm”",approved,0,1,"[{'id': 2473843, 'full_path': 'https://salt.tikicdn.com/ts/review/3f/05/9f/a470cf2724c2af9d6541b7cc604d1ee9.jpg', 'status': 'approved'}, {'id': 2473844, 'full_path': 'https://salt.tikicdn.com/ts/review/36/e8/ce/494dbcdd0a732d58d1919c415d55418f.jpg', 'status': 'approved'}]",7247,Alphabooks Official,[]
10340073,7442688,91998790,5,Cực kì hài lòng,Nó rất hay và bổ ích,approved,0,1,"[{'id': 2117706, 'full_path': 'https://salt.tikicdn.com/ts/review/2a/b6/1c/479cf4fcc8e562c750c4008ac32ec01f.jpg', 'status': 'approved'}, {'id': 2117707, 'full_path': 'https://salt.tikicdn.com/ts/review/f3/eb/14/b75443043f55ad4e85aeb9d312126a8e.jpg', 'status': 'approved'}, {'id': 2117708, 'full_path': 'https://salt.tikicdn.com/ts/review/71/43/bb/6047bf4396d0785fd9130f0ce6e4ab20.jpg', 'status': 'approved'}, {'id': 2117709, 'full_path': 'https://salt.tikicdn.com/ts/review/f6/54/b8/3752fc6339dc70e7f09628e20b354612.jpg', 'status': 'approved'}]",111899,ABCBOOKS,[]
10237986,686659,91998790,5,Cực kì hài lòng,"Sách mua lúc sale nên giá khá tốt, mình mua giùm đứa em để luyện Ielts tranh thủ những ngày cách ly chống dịch. Bộ sách hữu ích.",approved,0,0,"[{'id': 2087438, 'full_path': 'https://salt.tikicdn.com/ts/review/cc/a3/1c/8856ed9c794df1a9db41897e918acedd.jpg', 'status': 'approved'}]",118912,Tiệm Sách Hoa Hồng,[]
9751904,18710351,91998790,5,Cực kì hài lòng,"Sach dep qua dep, hay qua là hay. Basic ma hay quá xá hay. Mà mắc quá. Rẻ hơn thì sẽ tốt hơn",approved,0,0,"[{'id': 1980634, 'full_path': 'https://salt.tikicdn.com/ts/review/67/34/cc/cda40a0363cdab27cce83bbfeab50443.jpg', 'status': 'approved'}]",118912,Tiệm Sách Hoa Hồng,[]
18163566,1204849,91998790,5,Cực kì hài lòng,,approved,0,0,[],126688,info book,[]
12366642,23467683,91998790,5,Cực kì hài lòng,"Do covid nên giao hàng hơi lâu, nhưng sách rất xinh, đóng gói cẩn thận, shipper thân thiện.",approved,0,1,[],7247,Alphabooks Official,[]
12967318,5671331,91998790,5,Cực kì hài lòng,🥰🥰🥰🥰🥰🥰🥰🥰🥰🥰🥰🥰🥰🥰,approved,0,1,[],111899,Sống Official,[]
10683208,70237,91998790,5,Cực kì hài lòng,"Tiki giao hàng nhanh chóng, sản phẩm được đóng gói cẩn thận.",approved,0,1,[],7247,Alphabooks Official,[]
11032887,1386771,91998790,5,Cực kì hài lòng,,approved,0,1,"[{'id': 2265496, 'full_path': 'https://salt.tikicdn.com/ts/review/dc/ef/ec/a08205b4b97f5b38a814ed8b7bb87037.jpg', 'status': 'approved'}]",146243,ETS Books,[]
12342610,20249618,91998790,5,Cực kì hài lòng,good!,approved,0,1,[],7247,Alphabooks Official,[]
12505199,50429,91998790,5,Cực kì hài lòng,,approved,0,0,[],126688,info book,[]
11877677,12860847,91998790,5,Cực kì hài lòng,sách xịn,approved,0,0,[],118912,Tiệm Sách Hoa Hồng,[]
12247325,11533406,91998790,5,Cực kì hài lòng,,approved,0,1,[],7247,Alphabooks Official,[]
12171952,23455816,91998790,5,Cực kì hài lòng,,approved,0,1,[],7247,Alphabooks Official,[]
11266331,6874685,91998790,5,Cực kì hài lòng,,approved,0,1,[],7247,Alphabooks Official,[]
10821422,12335174,91998790,5,Cực kì hài lòng,,approved,0,1,[],7247,Alphabooks Official,[]
10636629,19545136,91998790,4,Hài lòng,,approved,0,1,[],7247,Alphabooks Official,[]
9966207,6153898,91998790,5,Cực kì hài lòng,,approved,0,0,[],118912,Tiệm Sách Hoa Hồng,[]
9729667,654577,91998790,5,Cực kì hài lòng,,approved,0,0,[],118912,Tiệm Sách Hoa Hồng,[]
9632056,7937668,81939217,5,Cực kì hài lòng,,approved,0,0,[],47545,Nhà sách Minh Tâm,[]
16737271,6688224,74539426,5,Cực kì hài lòng,a,approved,0,0,[],12696,Blue Horizon Books,[]
5538550,13407580,2245323,5,Cực kì hài lòng,,approved,0,0,[],1,Tiki Trading,[]
20162292,778461,277717659,5,Cực kì hài lòng,,approved,0,1,[],170925,Dtpbooks,[]
20121045,15624931,277717659,5,Cực kì hài lòng,,approved,0,1,[],170925,Dtpbooks,"[{'question': 'Thời gian giao hàng?', 'option': 'Giao đúng hẹn'}, {'question': 'Thái độ của shipper?', 'option': 'Lịch sự'}, {'question': 'Giờ giao hàng?', 'option': 'Có hẹn giờ trước'}, {'question': 'Cách đóng gói sản phẩm?', 'option': 'Cẩn thận'}]"
20130890,9134489,275785876,5,Cực kì hài lòng,,approved,0,1,[],170925,Dtpbooks,"[{'question': 'Thời gian giao hàng?', 'option': 'Giao đúng hẹn'}, {'question': 'Thái độ của shipper?', 'option': 'Lịch sự'}, {'question': 'Giờ giao hàng?', 'option': 'Có hẹn giờ trước'}, {'question': 'Cách đóng gói sản phẩm?', 'option': 'Cẩn thận'}]"
19985306,28962356,275785876,5,Cực kì hài lòng,,approved,0,1,[],170925,Dtpbooks,[]
20037683,5285101,274034151,5,Cực kì hài lòng,"Giá cả phải chăng, giao hàng nhanh shop cần nhập hàng thêm bộ A2 và B1, B2",approved,0,0,"[{'id': 4389064, 'full_path': 'https://salt.tikicdn.com/ts/review/7f/2e/d9/93c4eb90c7fcae204613d3da89b3f194.jpg', 'status': 'approved'}]",53660,Nhà sách Fahasa,[]
19781299,23973721,274034151,5,Cực kì hài lòng,,approved,0,0,[],53660,Nhà sách Fahasa,[]
19692954,29668032,263388469,5,Cực kì hài lòng,,approved,0,0,[],53660,Nhà sách Fahasa,[]
17892922,27485893,193102041,5,Cực kì hài lòng,"Giao hàng nhanh ghê, mới hôm qua đặt mà hôm nay có luôn, 10 điểm",approved,0,0,"[{'id': 3919362, 'full_path': 'https://salt.tikicdn.com/ts/review/eb/b2/84/80f36eed2871f5ed0b044e4e09480185.jpg', 'status': 'approved'}]",53660,Nhà sách Fahasa,[]
18248720,20053028,193102041,5,Cực kì hài lòng,"Sách đẹp. Mua được giá tốt. nhà bán nên nhập thêm các trình độ A1, B2, C1, C2..vv",approved,0,0,[],53660,Nhà sách Fahasa,[]
18656042,42345,193102041,5,Cực kì hài lòng,,approved,0,0,[],53660,Nhà sách Fahasa,[]
10741559,331033,91998832,5,Cực kì hài lòng,"Sách đẹp, có hình minh họa nữa. Chất lượng xứng đáng với giá tiền lắm ạ. Mua trên tiki áp mã nữa. Từ ngày có tiki mình chỉ mua sách trên này thôi ♥️",approved,0,0,"[{'id': 2205544, 'full_path': 'https://salt.tikicdn.com/ts/review/6d/f1/b4/e9e9a4f20a8fb48f022b448464f6be1f.jpg', 'status': 'approved'}, {'id': 2205545, 'full_path': 'https://salt.tikicdn.com/ts/review/30/9c/99/2a70610956d0df1d5d6e4f0db46b1ded.jpg', 'status': 'approved'}, {'id': 2205546, 'full_path': 'https://salt.tikicdn.com/ts/review/c2/af/26/6de72fee770b000cf4440f77d3dd4573.jpg', 'status': 'approved'}]",118912,Tiệm Sách Hoa Hồng,[]
10416610,6110710,91998832,5,Cực kì hài lòng,"Chất lượng rất tốt, được tặng kèm cuốn +4 topic How to crack IELTS speaking by Thúng Đèng ?",approved,0,0,"[{'id': 2136521, 'full_path': 'https://salt.tikicdn.com/ts/review/ac/4e/fb/024fe4a894ff6d33f7538d602420f14f.jpg', 'status': 'approved'}]",118912,Tiệm Sách Hoa Hồng,[]
12202908,20842459,91998832,5,Cực kì hài lòng,hhhhhhhhhhhh,approved,0,0,"[{'id': 2496766, 'full_path': 'https://salt.tikicdn.com/ts/review/8d/db/ea/3982ae817df3beb1e5cfc9af83a288b8.jpg', 'status': 'approved'}]",118912,Tiệm Sách Hoa Hồng,[]
13643746,25530278,91998832,5,Cực kì hài lòng,,approved,0,0,[],97533,Nhà Sách Vĩnh Thụy,[]
11419120,1735618,91998832,4,Hài lòng,,approved,0,0,[],118912,Tiệm Sách Hoa Hồng,[]
10867062,5612776,91998832,5,Cực kì hài lòng,,approved,0,0,[],118912,Tiệm Sách Hoa Hồng,[]
14276976,26317914,91984591,5,Cực kì hài lòng,,approved,0,1,[],146243,ETS Books,[]
20138247,30412385,513893,5,Cực kì hài lòng,Sách ổn ạ,approved,0,0,[],53660,Nhà sách Fahasa,"[{'question': 'Thời gian giao hàng?', 'option': 'Giao đúng hẹn'}, {'question': 'Thái độ của shipper?', 'option': 'Lịch sự'}, {'question': 'Giờ giao hàng?', 'option': 'Có hẹn giờ trước'}, {'question': 'Cách đóng gói sản phẩm?', 'option': 'Cẩn thận'}]"
10835173,17827061,513893,5,Cực kì hài lòng,nhu cầu cho việc học tập,approved,0,0,"[{'id': 2227608, 'full_path': 'https://salt.tikicdn.com/ts/review/7b/51/f7/7ff512c8fc1e042c33e1690dae43eb2c.jpg', 'status': 'approved'}]",53660,Nhà sách Fahasa,[]
13839977,2157237,513893,5,Cực kì hài lòng,,approved,0,0,[],53660,Nhà sách Fahasa,[]
13502896,13272153,513893,5,Cực kì hài lòng,,approved,0,0,[],53660,Nhà sách Fahasa,[]
12960831,24546592,513893,5,Cực kì hài lòng,,approved,0,0,[],53660,Nhà sách Fahasa,[]
10332675,835415,513893,5,Cực kì hài lòng,,approved,0,0,[],53660,Nhà sách Fahasa,[]
9019789,12341711,513893,5,Cực kì hài lòng,,approved,0,0,[],53660,Nhà sách Fahasa,[]
20124100,17187422,275571603,5,Cực kì hài lòng,Quyển này hay. Sẽ mua thêm Tập còn lại.,approved,0,1,[],170925,Dtpbooks,[]
20020365,27891689,275571603,5,Cực kì hài lòng,,approved,0,1,[],170925,Dtpbooks,"[{'question': 'Thời gian giao hàng?', 'option': 'Giao đúng hẹn'}, {'question': 'Thái độ của shipper?', 'option': 'Lịch sự'}, {'question': 'Giờ giao hàng?', 'option': 'Có hẹn giờ trước'}, {'question': 'Cách đóng gói sản phẩm?', 'option': 'Cẩn thận'}]"
19967122,30096001,275571603,5,Cực kì hài lòng,,approved,0,1,[],170925,Dtpbooks,[]
19946122,13268981,275571603,5,Cực kì hài lòng,,approved,0,1,[],170925,Dtpbooks,[]
20037804,28159686,275571590,5,Cực kì hài lòng,,approved,0,1,[],170925,Dtpbooks,[]
19967124,30096001,275571590,5,Cực kì hài lòng,,approved,0,1,[],170925,Dtpbooks,[]
19946121,13268981,275571590,5,Cực kì hài lòng,,approved,0,1,[],170925,Dtpbooks,[]
20125751,21532544,274961763,5,Cực kì hài lòng,,approved,0,1,[],170925,Dtpbooks,[]
20037684,5285101,274466912,5,Cực kì hài lòng,"Sách đẹp, giá cả phải chăng",approved,0,0,"[{'id': 4389065, 'full_path': 'https://salt.tikicdn.com/ts/review/1d/8e/c8/cccfd9ece996149876bd5ecb97a00a47.jpg', 'status': 'approved'}]",53660,Nhà sách Fahasa,"[{'question': 'Thời gian giao hàng?', 'option': 'Giao đúng hẹn'}, {'question': 'Thái độ của shipper?', 'option': 'Lịch sự'}, {'question': 'Giờ giao hàng?', 'option': 'Có hẹn giờ trước'}, {'question': 'Cách đóng gói sản phẩm?', 'option': 'Cẩn thận'}]"
19914932,131922,274466912,5,Cực kì hài lòng,,approved,0,0,[],53660,Nhà sách Fahasa,[]
19375849,14088954,3529961,5,Cực kì hài lòng,"Sách topt, tiki giao hang nhanh",approved,0,0,[],53660,Nhà sách Fahasa,[]
10472060,18336820,3529961,5,Cực kì hài lòng,"Sản phẩm ok, có điều hộp móp méo kinh khủng. Đây là sách giáo khoa tiếng anh mình dùnng ở trường chất lượng ổn",approved,0,0,"[{'id': 2148867, 'full_path': 'https://salt.tikicdn.com/ts/review/8e/f5/a3/696053fa7086a565e4db45f3a3b28f35.jpg', 'status': 'approved'}, {'id': 2148868, 'full_path': 'https://salt.tikicdn.com/ts/review/cf/79/bd/658298363223dd22599195a532d3ef0d.jpg', 'status': 'approved'}]",1,Tiki Trading,[]
16936927,16642705,3529961,5,Cực kì hài lòng,"Quá tuyệt vời, giao nhanh , sách mới còn nguyên vẹn",approved,0,0,[],53660,Nhà sách Fahasa,[]
17262079,26816146,3529961,5,Cực kì hài lòng,sách đẹp,approved,0,0,[],53660,Nhà sách Fahasa,[]
17639548,27936961,3529961,5,Cực kì hài lòng,,approved,0,0,[],53660,Nhà sách Fahasa,[]
17633555,11942735,3529961,5,Cực kì hài lòng,,approved,0,0,[],53660,Nhà sách Fahasa,[]
17504019,25947734,3529961,5,Cực kì hài lòng,,approved,0,0,[],53660,Nhà sách Fahasa,[]
17457224,8120400,3529961,5,Cực kì hài lòng,,approved,0,0,[],53660,Nhà sách Fahasa,[]
17226254,9987987,3529961,5,Cực kì hài lòng,,approved,0,0,[],53660,Nhà sách Fahasa,[]
10498614,22208739,3529961,5,Cực kì hài lòng,"giao  hàng  nhanh ,đóng  gói cẩn thận.",approved,0,0,"[{'id': 2154501, 'full_path': 'https://salt.tikicdn.com/ts/review/b5/f0/91/58d8399a057a947b5b0cdc23a988dfbb.jpg', 'status': 'approved'}]",1,Tiki Trading,[]
11781699,20277426,3529961,5,Cực kì hài lòng,"giao hàng nhanh hơn tận 7 ngày, ok ạ",approved,0,0,[],53660,Nhà sách Fahasa,[]
13265670,24922055,3529961,5,Cực kì hài lòng,,approved,0,0,[],53660,Nhà sách Fahasa,[]
12675039,11355495,3529961,5,Cực kì hài lòng,,approved,0,0,[],53660,Nhà sách Fahasa,[]
12531217,22924198,3529961,5,Cực kì hài lòng,,approved,0,0,[],53660,Nhà sách Fahasa,[]
12105723,5187681,3529961,5,Cực kì hài lòng,1,approved,0,0,[],53660,Nhà sách Fahasa,[]
11422789,22073630,3529961,5,Cực kì hài lòng,,approved,0,0,[],53660,Nhà sách Fahasa,[]
5357290,9708230,3529961,5,Cực kì hài lòng,"sách tốt , giao nhanh",approved,0,0,"[{'id': 3623991, 'full_path': 'https://salt.tikicdn.com/ts/review/f9/f5/73/d4662349dc207f1ae658b7bce7b9f697.jpg', 'status': 'approved'}]",1,Tiki Trading,[]
10479061,19255202,3529961,5,Cực kì hài lòng,,approved,0,0,[],53660,Nhà sách Fahasa,[]
6141971,6374323,3529961,5,Cực kì hài lòng,sách giống hình,approved,0,0,[],1,Tiki Trading,[]
7112863,14820791,3529961,5,Cực kì hài lòng,tốt,approved,0,0,[],53660,Nhà sách Fahasa,[]
6985092,464675,3529961,5,Cực kì hài lòng,,approved,0,0,[],1,Tiki Trading,[]
6109068,16130417,3529961,5,Cực kì hài lòng,tốt,approved,0,0,[],1,Tiki Trading,[]
5221381,1083985,3529961,5,Cực kì hài lòng,,approved,0,0,[],1,Tiki Trading,[]
4817937,5614642,3529961,5,Cực kì hài lòng,,approved,0,0,[],1,Tiki Trading,[]
4744027,17562240,3529961,5,Cực kì hài lòng,,approved,0,0,[],1,Tiki Trading,[]
19689935,6520386,271542233,5,Cực kì hài lòng,,approved,0,0,[],53660,Nhà sách Fahasa,[]
17527297,27780330,191779391,5,Cực kì hài lòng,,approved,0,0,[],53660,Nhà sách Fahasa,[]
15830568,26949925,169887532,5,Cực kì hài lòng,,approved,0,0,[],53660,Nhà sách Fahasa,[]
15605114,26924106,169887532,5,Cực kì hài lòng,,approved,0,0,[],53660,Nhà sách Fahasa,[]
17147209,25767425,105231876,5,Cực kì hài lòng,Chất lượng hàng tốt,approved,0,0,"[{'id': 3711619, 'full_path': 'https://salt.tikicdn.com/ts/review/2c/70/1c/e3019ce57cf08849e4a235f2bdf358d3.jpg', 'status': 'approved'}]",53660,Nhà sách Fahasa,[]
15830564,26949925,105231876,5,Cực kì hài lòng,,approved,0,0,[],53660,Nhà sách Fahasa,[]
18005502,28271808,101870603,5,Cực kì hài lòng,,approved,0,0,"[{'id': 3946476, 'full_path': 'https://salt.tikicdn.com/ts/review/c4/b0/8a/40015ca1d215368a039c6ebe44382274.jpg', 'status': 'approved'}, {'id': 3946477, 'full_path': 'https://salt.tikicdn.com/ts/review/e9/c0/ca/a531b30ea8d5af41b40440526781e80f.jpg', 'status': 'approved'}]",53660,Nhà sách Fahasa,[]
16880313,17154720,101870603,5,Cực kì hài lòng,,approved,0,0,[],53660,Nhà sách Fahasa,[]
14745912,17708328,101870603,5,Cực kì hài lòng,,approved,0,0,[],53660,Nhà sách Fahasa,[]
10556812,1894975,101870603,5,Cực kì hài lòng,,approved,0,0,[],53660,Nhà sách Fahasa,[]
16208744,81706,169887474,5,Cực kì hài lòng,Sách rất đẹp ạ 😭 em mong cuốn này về từ lâu lắm rồi 🥰,approved,1,0,[],53660,Nhà sách Fahasa,[]
17094074,21835470,169887408,5,Cực kì hài lòng,Rất ưng ý,approved,0,0,[],53660,Nhà sách Fahasa,[]
15687285,21633973,114436680,5,Cực kì hài lòng,"Đóng gói sản phẩm cẩn thận, thời gian giao hàng khá nhanh nữa",approved,0,0,"[{'id': 3297355, 'full_path': 'https://salt.tikicdn.com/ts/review/ac/36/7c/127001b383bb69c8924add501207e5bd.jpg', 'status': 'approved'}]",53660,Nhà sách Fahasa,[]
15611111,26968597,106351912,5,Cực kì hài lòng,"sịn nha, đóng gói cẩn thận",approved,0,3,"[{'id': 3575536, 'full_path': 'https://salt.tikicdn.com/ts/review/f6/87/09/4001cd28499060ae6c27186caf622c1d.jpg', 'status': 'approved'}]",53660,Nhà sách Fahasa,[]
16470806,27537884,106351912,5,Cực kì hài lòng,Okeeee lắm nhaaa,approved,0,0,"[{'id': 3516096, 'full_path': 'https://salt.tikicdn.com/ts/review/5a/9e/4a/a6f116a3964fd84e79947312f5f4a6fc.jpg', 'status': 'approved'}]",53660,Nhà sách Fahasa,[]
16211264,12118494,106351912,5,Cực kì hài lòng,,approved,0,0,[],53660,Nhà sách Fahasa,[]
16146898,27388913,90527953,5,Cực kì hài lòng,"hàng giao nhanh, đóng gói hàng tốt, sẽ ủng hộ fahasa nữa",approved,0,0,[],53660,Nhà sách Fahasa,[]
16975360,27780330,86424386,5,Cực kì hài lòng,bị rách seal,approved,0,0,[],53660,Nhà sách Fahasa,[]
15138860,769115,86424386,5,Cực kì hài lòng,,approved,0,0,[],53660,Nhà sách Fahasa,[]
14860598,5822541,86424386,5,Cực kì hài lòng,,approved,0,0,[],53660,Nhà sách Fahasa,[]
8692754,128456,74535950,5,Cực kì hài lòng,,approved,0,0,[],12696,Blue Horizon Books,[]
20040952,1538746,275455749,5,Cực kì hài lòng,,approved,0,1,[],170925,Dtpbooks,[]
19967123,30096001,275455749,5,Cực kì hài lòng,,approved,0,1,[],170925,Dtpbooks,[]
19936782,1527889,275455749,5,Cực kì hài lòng,,approved,0,1,[],170925,Dtpbooks,"[{'question': 'Thời gian giao hàng?', 'option': 'Giao đúng hẹn'}, {'question': 'Thái độ của shipper?', 'option': 'Lịch sự'}, {'question': 'Giờ giao hàng?', 'option': 'Có hẹn giờ trước'}, {'question': 'Cách đóng gói sản phẩm?', 'option': 'Cẩn thận'}]"
19935539,28159686,275455749,5,Cực kì hài lòng,,approved,0,1,[],170925,Dtpbooks,[]
19932382,463029,275455749,5,Cực kì hài lòng,,approved,0,1,[],170925,Dtpbooks,"[{'question': 'Thời gian giao hàng?', 'option': 'Giao đúng hẹn'}, {'question': 'Thái độ của shipper?', 'option': 'Lịch sự'}, {'question': 'Giờ giao hàng?', 'option': 'Có hẹn giờ trước'}, {'question': 'Cách đóng gói sản phẩm?', 'option': 'Cẩn thận'}]"
16342688,10668375,109767276,5,Cực kì hài lòng,quá tố,approved,0,1,"[{'id': 3481108, 'full_path': 'https://salt.tikicdn.com/ts/review/b2/af/b1/c367482f142f9a1096db7c583e0de602.jpg', 'status': 'approved'}]",53660,Nhà sách Fahasa,[]
17336913,27235344,102133198,5,Cực kì hài lòng,,approved,0,0,[],53660,Nhà sách Fahasa,[]
15935439,15951288,102133198,5,Cực kì hài lòng,,approved,0,0,[],53660,Nhà sách Fahasa,[]
13260036,24116496,91984637,5,Cực kì hài lòng,Sách hay phù hợp với các bạn học ielts từ 6.0 trở nên. Đáng để đọc,approved,0,1,"[{'id': 2765188, 'full_path': 'https://salt.tikicdn.com/ts/review/38/97/18/0e37b78854046e696d7c8770655cdbe7.jpg', 'status': 'approved'}]",146243,ETS Books,[]
18848092,17414135,91984637,5,Cực kì hài lòng,,approved,0,0,[],118912,Tiệm Sách Hoa Hồng,[]
16391745,5241895,91984637,5,Cực kì hài lòng,"Giao hàng nhanh, đóng gói cẩn thận.",approved,0,1,[],146243,ETS Books,[]
17743100,22474574,91984637,5,Cực kì hài lòng,,approved,0,1,[],146243,ETS Books,[]
12918165,19453039,91984637,5,Cực kì hài lòng,Sách đẹp shop đóng gói cẩn thận,approved,1,1,"[{'id': 3344231, 'full_path': 'https://salt.tikicdn.com/ts/review/fa/5e/f6/f2de1d0d88c49157ba0fbd425867a89a.jpg', 'status': 'approved'}]",146243,ETS Books,[]
11425192,10105290,91984637,5,Cực kì hài lòng,good❤️ sẽ cày quyển này để nâng cấp từ vựng,approved,0,0,"[{'id': 2347908, 'full_path': 'https://salt.tikicdn.com/ts/review/ad/e9/eb/3db321c79eb5584f27e73c8eb8cfe9cf.jpg', 'status': 'approved'}]",118912,Tiệm Sách Hoa Hồng,[]
13115396,5871590,91984637,5,Cực kì hài lòng,sách đã đẹp lại bản mới toanh nữa,approved,1,1,[],146243,ETS Books,[]
15631251,24051406,91984637,4,Hài lòng,tốt,approved,0,1,[],146243,ETS Books,[]
13002697,24573599,91984637,5,Cực kì hài lòng,"Rất ok, sách xịn và đẹppppp",approved,0,1,[],146243,ETS Books,[]
14700451,21091341,91984637,5,Cực kì hài lòng,,approved,0,1,[],146243,ETS Books,[]
13217097,22036657,91984637,5,Cực kì hài lòng,,approved,0,0,[],118912,Tiệm Sách Hoa Hồng,[]
11406076,994228,91984637,5,Cực kì hài lòng,hay,approved,0,0,[],118912,Tiệm Sách Hoa Hồng,[]
11365007,878986,91984637,5,Cực kì hài lòng,,approved,0,0,[],118912,Tiệm Sách Hoa Hồng,[]
16693800,44024,91089754,5,Cực kì hài lòng,"Canh mãi mới rước được tập này về nhà. Mình rất thích nét vẽ của bộ này, thêm quả bìa Aki nữa thì không có gì để chê nhennn",approved,0,0,"[{'id': 3583871, 'full_path': 'https://salt.tikicdn.com/ts/review/fc/7b/54/b52863feac2c327d9ccd3b28dfa75ef8.jpg', 'status': 'approved'}]",53660,Nhà sách Fahasa,[]
15766066,27197755,91089754,4,Hài lòng,"Giao hàng nhanh.
Hàng đẹp.
Mong lần sau Fahasa đóng gói cẩn thận síu ạ, quyển của mình bị gãy ở góc mất huhu.",approved,1,0,"[{'id': 3317494, 'full_path': 'https://salt.tikicdn.com/ts/review/e7/2d/2a/170e0ca1085d97e57b5f99d69d4f8578.jpg', 'status': 'approved'}]",53660,Nhà sách Fahasa,[]
11716026,6539753,91089754,5,Cực kì hài lòng,"Tiki đóng gói và giao hàng nhanh chóng, hàng hóa đúng như mô tả, mình rất hài lòng!!!",approved,0,0,"[{'id': 2397557, 'full_path': 'https://salt.tikicdn.com/ts/review/33/e5/bd/6d152049dbc23b622c755365b8084f7a.jpg', 'status': 'approved'}]",53660,Nhà sách Fahasa,[]
18313052,23302629,91089754,5,Cực kì hài lòng,,approved,0,0,[],53660,Nhà sách Fahasa,[]
18099580,21810936,91089754,4,Hài lòng,,approved,0,0,[],53660,Nhà sách Fahasa,[]
17888973,5135208,91089754,5,Cực kì hài lòng,,approved,0,0,[],53660,Nhà sách Fahasa,[]
16848785,27713788,91089754,5,Cực kì hài lòng,cung ok,approved,0,0,[],53660,Nhà sách Fahasa,[]
16871300,27600046,91089754,5,Cực kì hài lòng,,approved,0,0,[],53660,Nhà sách Fahasa,[]
16626059,12303513,91089754,5,Cực kì hài lòng,,approved,0,0,[],53660,Nhà sách Fahasa,[]
14873015,15334212,91089754,5,Cực kì hài lòng,,approved,0,0,[],53660,Nhà sách Fahasa,[]
14846578,24092851,91089754,5,Cực kì hài lòng,,approved,0,0,[],53660,Nhà sách Fahasa,[]
13778304,25009886,91089754,5,Cực kì hài lòng,,approved,0,0,[],53660,Nhà sách Fahasa,[]
20124078,17187422,277719162,5,Cực kì hài lòng,"Một trong các NXB hiếm hoi có sách C1 tại Việt Nam. Sách kèm mã kích hoạt ứng dụng Online Practice, nộp bài xong biết kết quả ngay.",approved,0,1,[],170925,Dtpbooks,[]
20121040,15624931,277719162,5,Cực kì hài lòng,,approved,0,1,[],170925,Dtpbooks,"[{'question': 'Thời gian giao hàng?', 'option': 'Giao đúng hẹn'}, {'question': 'Thái độ của shipper?', 'option': 'Lịch sự'}, {'question': 'Giờ giao hàng?', 'option': 'Có hẹn giờ trước'}, {'question': 'Cách đóng gói sản phẩm?', 'option': 'Cẩn thận'}]"
20124096,17187422,275571697,5,Cực kì hài lòng,"Mua cả bộ mà nhà sách tách ra. Gõ đánh giá mỏi tay luôn. Sách thân thiện có thể các bạn HS tự học được. Mạch bài logic và kết nối từng phần tốt, giúp HS từng bước làm quen, luyện tập và tăng tốc. Suggested answers cho phần Speaking và Writing cho band điểm này thì đỉnh luôn. Sách khác có thể có nhưng language khó hơn so với trình độ của HS.",approved,0,1,[],170925,Dtpbooks,[]
20124101,17187422,275425047,5,Cực kì hài lòng,"Sách hay, cập nhật. Ứng dụng xịn mịn.",approved,0,1,[],170925,Dtpbooks,[]
19987134,30122720,275425047,5,Cực kì hài lòng,dhuwje,approved,0,1,"[{'id': 4378292, 'full_path': 'https://salt.tikicdn.com/ts/review/b7/0a/f5/7f9dd7a998b718bf8c760e4384105a05.jpg', 'status': 'approved'}]",170925,Dtpbooks,[]
19967579,7540628,275425047,5,Cực kì hài lòng,"Giao hàng nhanh,đúng sách,  shipper dễ thương",approved,0,1,[],170925,Dtpbooks,"[{'question': 'Thời gian giao hàng?', 'option': 'Giao đúng hẹn'}, {'question': 'Thái độ của shipper?', 'option': 'Lịch sự'}, {'question': 'Giờ giao hàng?', 'option': 'Có hẹn giờ trước'}, {'question': 'Cách đóng gói sản phẩm?', 'option': 'Cẩn thận'}]"
20026449,30108554,275425047,5,Cực kì hài lòng,"giáo đúng giờ, nhanh",approved,0,1,[],170925,Dtpbooks,[]
20061037,27315599,275425047,5,Cực kì hài lòng,,approved,0,1,[],170925,Dtpbooks,"[{'question': 'Thời gian giao hàng?', 'option': 'Giao đúng hẹn'}, {'question': 'Thái độ của shipper?', 'option': 'Lịch sự'}, {'question': 'Giờ giao hàng?', 'option': 'Không hẹn trước'}, {'question': 'Cách đóng gói sản phẩm?', 'option': 'Cẩn thận'}]"
19918396,15624931,275425047,5,Cực kì hài lòng,"Giao hàng siêu nhanh, dv tốt, sách đẹp.",approved,0,1,[],170925,Dtpbooks,[]
19973804,30113610,275425047,5,Cực kì hài lòng,sách bao bọc kĩ,approved,0,1,[],170925,Dtpbooks,"[{'question': 'Thời gian giao hàng?', 'option': 'Giao đúng hẹn'}, {'question': 'Thái độ của shipper?', 'option': 'Lịch sự'}, {'question': 'Giờ giao hàng?', 'option': 'Có hẹn giờ trước'}, {'question': 'Cách đóng gói sản phẩm?', 'option': 'Cẩn thận'}]"
19992552,30125938,275425047,5,Cực kì hài lòng,,approved,0,1,[],170925,Dtpbooks,[]
19982986,30113437,275425047,5,Cực kì hài lòng,,approved,0,1,[],170925,Dtpbooks,[]
19978511,14434155,275425047,5,Cực kì hài lòng,,approved,0,1,[],170925,Dtpbooks,"[{'question': 'Thời gian giao hàng?', 'option': 'Giao đúng hẹn'}, {'question': 'Thái độ của shipper?', 'option': 'Lịch sự'}, {'question': 'Giờ giao hàng?', 'option': 'Không hẹn trước'}, {'question': 'Cách đóng gói sản phẩm?', 'option': 'Cẩn thận'}]"
19975143,14374022,275425047,5,Cực kì hài lòng,,approved,0,1,[],170925,Dtpbooks,"[{'question': 'Thời gian giao hàng?', 'option': 'Giao đúng hẹn'}, {'question': 'Thái độ của shipper?', 'option': 'Lịch sự'}, {'question': 'Giờ giao hàng?', 'option': 'Có hẹn giờ trước'}, {'question': 'Cách đóng gói sản phẩm?', 'option': 'Cẩn thận'}]"
19974170,30113802,275425047,5,Cực kì hài lòng,,approved,0,1,[],170925,Dtpbooks,"[{'question': 'Thời gian giao hàng?', 'option': 'Giao đúng hẹn'}, {'question': 'Thái độ của shipper?', 'option': 'Lịch sự'}, {'question': 'Giờ giao hàng?', 'option': 'Có hẹn giờ trước'}, {'question': 'Cách đóng gói sản phẩm?', 'option': 'Cẩn thận'}]"
19973836,30113815,275425047,5,Cực kì hài lòng,,approved,0,1,[],170925,Dtpbooks,"[{'question': 'Thời gian giao hàng?', 'option': 'Giao đúng hẹn'}, {'question': 'Thái độ của shipper?', 'option': 'Lịch sự'}, {'question': 'Giờ giao hàng?', 'option': 'Có hẹn giờ trước'}, {'question': 'Cách đóng gói sản phẩm?', 'option': 'Cẩn thận'}]"
19971914,29808523,275425047,4,Hài lòng,,approved,0,1,[],170925,Dtpbooks,[]
19958301,6087895,275425047,5,Cực kì hài lòng,,approved,0,1,[],170925,Dtpbooks,[]
19956946,30073094,275425047,5,Cực kì hài lòng,,approved,0,1,[],170925,Dtpbooks,"[{'question': 'Thời gian giao hàng?', 'option': 'Giao đúng hẹn'}, {'question': 'Thái độ của shipper?', 'option': 'Lịch sự'}, {'question': 'Giờ giao hàng?', 'option': 'Có hẹn giờ trước'}, {'question': 'Cách đóng gói sản phẩm?', 'option': 'Cẩn thận'}]"
19956228,21658994,275425047,5,Cực kì hài lòng,,approved,0,1,[],170925,Dtpbooks,[]
19954905,601187,275425047,5,Cực kì hài lòng,,approved,0,1,[],170925,Dtpbooks,"[{'question': 'Thời gian giao hàng?', 'option': 'Giao đúng hẹn'}, {'question': 'Thái độ của shipper?', 'option': 'Lịch sự'}, {'question': 'Giờ giao hàng?', 'option': 'Có hẹn giờ trước'}, {'question': 'Cách đóng gói sản phẩm?', 'option': 'Cẩn thận'}]"
19925024,28159686,275425047,5,Cực kì hài lòng,,approved,0,1,[],170925,Dtpbooks,"[{'question': 'Thời gian giao hàng?', 'option': 'Giao đúng hẹn'}, {'question': 'Thái độ của shipper?', 'option': 'Lịch sự'}, {'question': 'Giờ giao hàng?', 'option': 'Có hẹn giờ trước'}, {'question': 'Cách đóng gói sản phẩm?', 'option': 'Cẩn thận'}]"
20123463,8843980,274964818,5,Cực kì hài lòng,,approved,0,1,[],170925,Dtpbooks,[]
16446704,10668375,109767529,5,Cực kì hài lòng,,approved,0,0,[],53660,Nhà sách Fahasa,[]
20176420,12736890,106805878,5,Cực kì hài lòng,,approved,0,0,[],83592,NVP,[]
17397790,13291602,77627281,5,Cực kì hài lòng,Hàng bục seal khá nhiều nhưng là vì Mahito nên vẫn 5 sao yêu Mahito,approved,0,1,"[{'id': 3789764, 'full_path': 'https://salt.tikicdn.com/ts/review/b9/d1/3e/f52009044360c20c5cabc214eaab05e0.jpg', 'status': 'approved'}, {'id': 3789765, 'full_path': 'https://salt.tikicdn.com/ts/review/90/d4/ba/9b3a5fa0cdbedb9aa7488ef282aedf12.jpg', 'status': 'approved'}]",53660,Nhà sách Fahasa,[]
8959332,11607664,77627281,5,✺◟( ͡° ͜ʖ ͡°)◞✺,Rất tuyệt vời xin cảm ơn ✺◟( ͡° ͜ʖ ͡°)◞✺ ✺◟( ͡° ͜ʖ ͡°)◞✺ ✺◟( ͡° ͜ʖ ͡°)◞✺ ✺◟( ͡° ͜ʖ ͡°)◞✺ ✺◟( ͡° ͜ʖ ͡°)◞✺ ✺◟( ͡° ͜ʖ ͡°)◞✺,approved,0,1,"[{'id': 1800824, 'full_path': 'https://salt.tikicdn.com/ts/review/b2/29/7c/cc20b4ffbe02c73079ed051a37dc973d.jpg', 'status': 'approved'}]",53660,Nhà sách Fahasa,[]
16975371,27780330,77627281,5,Cực kì hài lòng,,approved,0,0,[],53660,Nhà sách Fahasa,[]
16193019,27434602,77627281,4,Hài lòng,,approved,0,0,[],53660,Nhà sách Fahasa,[]
15664459,26105383,77627281,5,Cực kì hài lòng,,approved,0,0,[],53660,Nhà sách Fahasa,[]
15660145,22868890,77627281,5,Cực kì hài lòng,,approved,0,0,[],53660,Nhà sách Fahasa,[]
15019388,26821979,77627281,5,Cực kì hài lòng,,approved,0,0,[],53660,Nhà sách Fahasa,[]
14741772,14957278,77627281,4,Hài lòng,,approved,0,0,[],53660,Nhà sách Fahasa,[]
14576923,610663,77627281,5,Cực kì hài lòng,,approved,1,0,[],53660,Nhà sách Fahasa,[]
14533363,23651046,77627281,4,Hài lòng,,approved,0,0,[],53660,Nhà sách Fahasa,[]
9684012,18319355,77627281,5,Cực kì hài lòng,....,approved,0,0,[],53660,Nhà sách Fahasa,[]
9784961,17539687,77627281,5,Cực kì hài lòng,,approved,0,0,[],53660,Nhà sách Fahasa,[]
16975371,27780330,77627281,5,Cực kì hài lòng,,approved,0,0,[],53660,Nhà sách Fahasa,[]
16920521,7740096,3529957,5,Cực kì hài lòng,"mình rất hài lòng. sách in màu đẹp. nội dung hấp dẫn, có mã cào để tải sách mềm.",approved,0,0,"[{'id': 3647914, 'full_path': 'https://salt.tikicdn.com/ts/review/f1/e7/f6/671f7e2bf35943e5e21fcd56bf8d73ba.jpg', 'status': 'approved'}]",53660,Nhà sách Fahasa,[]
19365150,12393843,3529957,5,Cực kì hài lòng,,approved,0,0,[],53660,Nhà sách Fahasa,[]
19315267,18000695,3529957,5,Cực kì hài lòng,,approved,0,0,[],53660,Nhà sách Fahasa,[]
11683805,1579181,3529957,5,Cực kì hài lòng,"giao đúng sách chọn, sách mới, đóng gói cẩn thận, tuy nhận trễ hơn dự kiến, do dịch thông cảm với shop ok",approved,0,0,"[{'id': 2391656, 'full_path': 'https://salt.tikicdn.com/ts/review/bf/ad/38/8caa0e7c5ec137458a8b940ab95b4ad2.jpg', 'status': 'approved'}]",53660,Nhà sách Fahasa,[]
18041033,17654816,3529957,5,Cực kì hài lòng,Sách đẹp giao hàng nhanh,approved,0,0,[],53660,Nhà sách Fahasa,[]
17344474,11700060,3529957,5,Cực kì hài lòng,"Sách đẹp, giao hàng nhanh",approved,0,0,[],53660,Nhà sách Fahasa,[]
17039031,19072284,3529957,4,Hài lòng,Đóng gói tốt giao nhanh,approved,0,0,[],53660,Nhà sách Fahasa,[]
17767638,15039008,3529957,3,Bình thường,,approved,0,0,[],53660,Nhà sách Fahasa,[]
17735757,8421021,3529957,5,Cực kì hài lòng,,approved,0,0,[],53660,Nhà sách Fahasa,[]
17681060,6930213,3529957,5,Cực kì hài lòng,,approved,0,0,[],53660,Nhà sách Fahasa,[]
17655616,11151136,3529957,5,Cực kì hài lòng,,approved,0,0,[],53660,Nhà sách Fahasa,[]
17634627,22636558,3529957,5,Cực kì hài lòng,,approved,0,0,[],53660,Nhà sách Fahasa,[]
17509339,27304952,3529957,5,Cực kì hài lòng,,approved,0,0,[],53660,Nhà sách Fahasa,[]
17507917,28067756,3529957,5,Cực kì hài lòng,,approved,0,0,[],53660,Nhà sách Fahasa,[]
12673228,20833168,3529957,5,Cực kì hài lòng,"Đóng gói đẹp, sách nhìn đẹp lắm, sẽ ủng hộ dài đai",approved,0,0,[],53660,Nhà sách Fahasa,[]
10514749,22208739,3529957,5,Cực kì hài lòng,,approved,0,0,"[{'id': 2177702, 'full_path': 'https://salt.tikicdn.com/ts/review/20/c3/b7/ffa640e1953c15bae5298f177d75513a.jpg', 'status': 'approved'}, {'id': 2218879, 'full_path': 'https://salt.tikicdn.com/ts/review/20/c3/b7/8f28b43546386a889beb345994420ede.jpg', 'status': 'approved'}]",53660,Nhà sách Fahasa,[]
15939092,11656279,3529957,5,Cực kì hài lòng,,approved,0,0,[],53660,Nhà sách Fahasa,[]
15671852,21104962,3529957,5,Cực kì hài lòng,,approved,0,0,[],53660,Nhà sách Fahasa,[]
15507515,17705697,3529957,5,Cực kì hài lòng,,approved,0,0,[],53660,Nhà sách Fahasa,[]
15419204,22012978,3529957,5,Cực kì hài lòng,,approved,0,0,[],53660,Nhà sách Fahasa,[]
15099431,10488890,3529957,5,Cực kì hài lòng,,approved,0,0,[],53660,Nhà sách Fahasa,[]
14822216,6062834,3529957,5,Cực kì hài lòng,,approved,0,0,[],53660,Nhà sách Fahasa,[]
11977840,930180,3529957,5,Cực kì hài lòng,"sách đẹp, đóng gói chắc chắn",approved,0,0,[],1,Tiki Trading,[]
14135952,24502982,3529957,5,Cực kì hài lòng,,approved,0,0,[],53660,Nhà sách Fahasa,[]
13955189,7441282,3529957,5,Cực kì hài lòng,,approved,0,0,[],53660,Nhà sách Fahasa,[]
13344140,24472652,3529957,5,Cực kì hài lòng,,approved,0,0,[],53660,Nhà sách Fahasa,[]
12939798,24092903,3529957,4,Hài lòng,,approved,0,0,[],53660,Nhà sách Fahasa,[]
12814441,13060676,3529957,5,Cực kì hài lòng,,approved,0,0,[],53660,Nhà sách Fahasa,[]
12660182,24035156,3529957,5,Cực kì hài lòng,,approved,0,0,[],53660,Nhà sách Fahasa,[]
12634994,22198707,3529957,5,Cực kì hài lòng,,approved,0,0,[],53660,Nhà sách Fahasa,[]
10415698,9053618,3529957,5,Cực kì hài lòng,"Sp tốt, giao hàng nhanh ???",approved,0,0,[],53660,Nhà sách Fahasa,[]
4715860,363467,3529957,5,Cực kì hài lòng,"Sản phẩm rất chất lượng. Rất đáng tiền để mua. Hàng đóng gói kỹ, đẹp.",approved,0,0,[],1,Tiki Trading,[]
11324498,8002101,3529957,5,Cực kì hài lòng,,approved,0,0,[],53660,Nhà sách Fahasa,[]
11018110,11887463,3529957,5,Cực kì hài lòng,,approved,0,0,[],53660,Nhà sách Fahasa,[]
10503824,9987987,3529957,5,Cực kì hài lòng,u,approved,0,0,[],1,Tiki Trading,[]
10264569,20951403,3529957,5,Cực kì hài lòng,,approved,0,0,[],1,Tiki Trading,[]
9644068,21668159,3529957,5,Cực kì hài lòng,,approved,0,0,[],1,Tiki Trading,[]
8300779,20554983,3529957,5,Cực kì hài lòng,,approved,0,0,[],1,Tiki Trading,[]
8249643,1045825,3529957,5,Cực kì hài lòng,,approved,0,0,[],53660,Nhà sách Fahasa,[]
8241762,10936630,3529957,5,Cực kì hài lòng,,approved,0,0,[],1,Tiki Trading,[]
8179628,7701176,3529957,5,Cực kì hài lòng,,approved,0,0,[],1,Tiki Trading,[]
4778275,18379189,3529957,4,Hài lòng,"Giao hàng nhanh, nhưng sách bị móp mép",approved,0,0,[],1,Tiki Trading,[]
6142008,6374323,3529957,5,Cực kì hài lòng,rất hài lòng,approved,0,0,[],1,Tiki Trading,[]
7303192,8042884,3529957,5,Cực kì hài lòng,,approved,0,0,[],1,Tiki Trading,[]
7271006,11029243,3529957,5,Cực kì hài lòng,,approved,0,0,[],1,Tiki Trading,[]
7252813,9045363,3529957,5,Cực kì hài lòng,,approved,0,0,[],1,Tiki Trading,[]
7081018,2101727,3529957,5,Cực kì hài lòng,,approved,0,0,[],1,Tiki Trading,[]
5967842,14999501,3529957,5,Cực kì hài lòng,,approved,0,0,[],1,Tiki Trading,[]
5930161,10935658,3529957,4,Hài lòng,,approved,0,0,[],1,Tiki Trading,[]
5548404,18455570,3529957,5,Cực kì hài lòng,,approved,0,0,[],1,Tiki Trading,[]
5512221,18882267,3529957,5,Cực kì hài lòng,,approved,0,0,[],1,Tiki Trading,[]
5372411,631177,3529957,5,Cực kì hài lòng,,approved,0,0,[],1,Tiki Trading,[]
5248460,18860147,3529957,5,Cực kì hài lòng,,approved,0,0,[],1,Tiki Trading,[]
5229370,1743314,3529957,4,Hài lòng,,approved,0,0,[],1,Tiki Trading,[]
5221404,1083985,3529957,5,Cực kì hài lòng,,approved,0,0,[],1,Tiki Trading,[]
5206370,18834527,3529957,5,Cực kì hài lòng,,approved,0,0,[],1,Tiki Trading,[]
5112154,6056728,3529957,4,Hài lòng,,approved,0,0,[],1,Tiki Trading,[]
5063691,17135669,3529957,5,Cực kì hài lòng,,approved,0,0,[],53660,Nhà sách Fahasa,[]
4898490,18301323,3529957,5,Cực kì hài lòng,,approved,0,0,[],1,Tiki Trading,[]
4812945,6523347,3529957,5,Cực kì hài lòng,,approved,0,0,[],1,Tiki Trading,[]
4785057,16458221,3529957,5,Cực kì hài lòng,,approved,0,0,[],1,Tiki Trading,[]
4660714,32804,3529957,5,Cực kì hài lòng,,approved,0,0,[],1,Tiki Trading,[]
4546286,17622537,3529957,5,Cực kì hài lòng,,approved,0,0,[],1,Tiki Trading,[]
4341850,11352209,3529957,5,Cực kì hài lòng,,approved,0,0,[],1,Tiki Trading,[]
4259929,13261755,3529957,4,Hài lòng,,approved,0,0,[],1,Tiki Trading,[]
3918914,10616842,3529957,5,Cực kì hài lòng,,approved,0,0,[],1,Tiki Trading,[]
2555275,901312,3529957,5,Cực kì hài lòng,sản phẩm đúng yêu cầu. nhân viên giao hàng tận tâm.,approved,0,0,[],1,Tiki Trading,[]
1989594,5760809,3529957,5,Cực kì hài lòng,tốt sách đẹp không bị vấn đè gì và giao hàng nhanh,approved,0,0,[],1,Tiki Trading,[]
20138246,30412385,513904,5,Cực kì hài lòng,Sách đẹp ạ,approved,0,0,[],53660,Nhà sách Fahasa,[]
6220521,974161,513904,5,Cực kì hài lòng,Sách mới có cd,approved,0,0,[],53660,Nhà sách Fahasa,[]
7476131,18511010,513904,5,Cực kì hài lòng,,approved,0,0,[],53660,Nhà sách Fahasa,[]
2858237,7780892,513901,5,Rất hài lòng,"Đây là sản phẩm đầu tiên mua tiki
Fahasa Đóng gói rất cẩn thận dù chỉ là sách nhưng cảm thấy họ trân trọng người nhận.
Sách mới 100%
Giao hàng sớm hơn thời gian dự kiến.
Chắc chắn sẽ ủng hộ tiếp
Cám ơn!",approved,0,0,"[{'id': 754168, 'full_path': 'https://salt.tikicdn.com/ts/review/f3/b0/f4/571d0330114027f987879a74e2f4a10c.jpg', 'status': 'approved'}, {'id': 754169, 'full_path': 'https://salt.tikicdn.com/ts/review/c5/15/c3/2b3415704ccb03ec46f6a0942907b86c.jpg', 'status': 'approved'}, {'id': 754170, 'full_path': 'https://salt.tikicdn.com/ts/review/78/ca/ea/27577cbaa78ed28d580d2790b67c9953.jpg', 'status': 'approved'}, {'id': 754171, 'full_path': 'https://salt.tikicdn.com/ts/review/36/71/9e/36c20218a331c09c588ad218c29cbad7.jpg', 'status': 'approved'}]",53660,Nhà sách Fahasa,[]
13254699,9856880,513901,5,Cực kì hài lòng,"sách in màu đẹp, có kèm đĩa. mỗi tội vận chuyển hơi gãy xíu xiu ở góc nhưng ko sao mua đc sale giá rẻ",approved,0,0,"[{'id': 2764150, 'full_path': 'https://salt.tikicdn.com/ts/review/33/40/23/5c8087a615f8a94cfb2efe0a3a9be299.jpg', 'status': 'approved'}, {'id': 2764151, 'full_path': 'https://salt.tikicdn.com/ts/review/4e/6d/20/0a3f2a1306566a6ec203801ada9d8d9b.jpg', 'status': 'approved'}, {'id': 2764152, 'full_path': 'https://salt.tikicdn.com/ts/review/c8/5d/c6/64bacf6a5c92c4bd6ca99d68cd9638c6.jpg', 'status': 'approved'}]",53660,Nhà sách Fahasa,[]
14063967,665508,513901,5,Cực kì hài lòng,"Đóng gói cẩn thận, giao hàng lâu nhưng vì chất lượng ok nên vẫn cho 5 sao. Giá sau khi áp mã khá ổn, giấy màu đẹp chứ không phải ép nhựa, thích hợp ghi chép.",approved,0,0,"[{'id': 2941508, 'full_path': 'https://salt.tikicdn.com/ts/review/a5/45/17/f8cc4fd6b30faabccd3ab4db20228127.jpg', 'status': 'approved'}]",53660,Nhà sách Fahasa,[]
4524046,5868848,513901,5,Cực kì hài lòng,Sách còn mới nhưng bị gãy 2 góc bìa. Được sale thêm là được giảm 18% nên cũng hài lòng với sách. Mình cho 5 sao vì giao nhanh hơn dự kiến thôi :),approved,0,0,[],53660,Nhà sách Fahasa,[]
2882739,114365,513901,5,"Sách in đẹp, có đĩa file nghe","Mình mua sách này để học trên lớp, sách in đẹp, có file nghe trong đĩa CD đính kèm. Phần nghe này mọi người có thể tìm trên Youtube rất đầy đủ.",approved,0,0,[],53660,Nhà sách Fahasa,[]
10247641,6519470,513901,5,Cực kì hài lòng,,approved,0,0,[],53660,Nhà sách Fahasa,[]
1083498,1115867,513901,1,Bị charge 18k phụ phí hàng cồng kềnh,"Mình đặt mua hình thức giao nhanh, charge 29k phí vận chuyển thì ok rùi, nhưng bị charge thêm 18k phụ phí hàng cồng kềnh (khối lượng >= 8kg). Không hiểu nổi 1 quyển sách và 1 đĩa DVD đính kèm lại bị Tiki cho là hàng cồng kềnh. Ai mua cẩn thận coi chừng bị charge mục này.",approved,0,0,[],1,Tiki Trading,[]
6916915,19804349,513901,3,Bình thường,giao hàng hơi lâu.....,approved,0,0,[],53660,Nhà sách Fahasa,[]
5008536,8268384,513901,5,Cực kì hài lòng,Hay,approved,0,0,"[{'id': 1210191, 'full_path': 'https://salt.tikicdn.com/ts/review/19/7c/ca/d2979557ecad1e0889042c6352d7a169.jpg', 'status': 'approved'}]",53660,Nhà sách Fahasa,[]
8134590,1119670,513901,5,Cực kì hài lòng,,approved,0,0,[],53660,Nhà sách Fahasa,[]
8014731,13520841,513901,4,Hài lòng,,approved,0,0,[],53660,Nhà sách Fahasa,[]
7481880,19801478,513901,5,Cực kì hài lòng,,approved,0,0,[],53660,Nhà sách Fahasa,[]
7080918,14128040,513901,5,Cực kì hài lòng,,approved,0,0,[],53660,Nhà sách Fahasa,[]
6899450,8147541,513901,5,Cực kì hài lòng,,approved,0,0,[],53660,Nhà sách Fahasa,[]
6782689,6039219,513901,5,Cực kì hài lòng,,approved,0,0,[],53660,Nhà sách Fahasa,[]
6352022,6500215,513901,5,Cực kì hài lòng,,approved,0,0,[],53660,Nhà sách Fahasa,[]
4540665,17659364,513901,5,Cực kì hài lòng,"Đã đọc, đã qua môn.",approved,0,0,[],53660,Nhà sách Fahasa,[]
5347068,640381,513901,5,Cực kì hài lòng,,approved,0,0,[],53660,Nhà sách Fahasa,[]
4269001,440302,513901,5,Không hài lòng,,approved,0,0,[],53660,Nhà sách Fahasa,[]
18488879,9990201,169887482,5,Cực kì hài lòng,,approved,0,0,[],53660,Nhà sách Fahasa,[]
15429283,26949925,167019887,5,Cực kì hài lòng,メチャメチャきれいいい~~おにヤバイ,approved,0,0,[],53660,Nhà sách Fahasa,[]
14866745,14044968,122273674,5,Cực kì hài lòng,sáchh đẹp lắmm ý,approved,0,0,[],53660,Nhà sách Fahasa,[]
15503487,16499889,122273674,5,Cực kì hài lòng,,approved,0,0,[],53660,Nhà sách Fahasa,[]
17572405,20470966,91089779,5,Cực kì hài lòng,,approved,0,0,"[{'id': 3842641, 'full_path': 'https://salt.tikicdn.com/ts/review/85/e1/fa/1d2e8632d16df419c3e1032fb45c6d40.jpg', 'status': 'approved'}]",53660,Nhà sách Fahasa,[]
14993945,22733665,91089779,1,Rất không hài lòng,giao nhanh đóng gói sơ sài hàng bị df nói chung là tệ,approved,0,0,[],53660,Nhà sách Fahasa,[]
16653489,7056303,91089779,5,Cực kì hài lòng,"giao hàng nhanh,đóng gói tốt",approved,0,0,[],53660,Nhà sách Fahasa,[]
17754965,8404578,91089779,5,Cực kì hài lòng,,approved,0,0,[],53660,Nhà sách Fahasa,[]
17475652,27600046,91089779,5,Cực kì hài lòng,,approved,0,0,[],53660,Nhà sách Fahasa,[]
16658944,26591374,91089779,5,Cực kì hài lòng,,approved,0,0,[],53660,Nhà sách Fahasa,[]
11272674,81706,91089779,5,Cực kì hài lòng,"Sách đẹp, giao hàng nhanh, đánh giá 5 sao",approved,0,0,[],53660,Nhà sách Fahasa,[]
13979579,24674623,91089779,5,Cực kì hài lòng,,approved,0,0,[],53660,Nhà sách Fahasa,[]
10640881,16941139,91089779,5,Cực kì hài lòng,okee,approved,0,0,"[{'id': 3008901, 'full_path': 'https://salt.tikicdn.com/ts/review/a8/48/b5/1434e23b39b40d9c26ecc852811b5172.jpg', 'status': 'approved'}]",53660,Nhà sách Fahasa,[]
15612266,27102759,90527745,5,Cực kì hài lòng,,approved,0,0,"[{'id': 3277551, 'full_path': 'https://salt.tikicdn.com/ts/review/e4/fb/03/8ffa885f3bfa529cb03a39a692757252.jpg', 'status': 'approved'}, {'id': 3277552, 'full_path': 'https://salt.tikicdn.com/ts/review/6f/f4/77/4e1a08dfc2cfb0e9eb735b5907d18a79.jpg', 'status': 'approved'}]",53660,Nhà sách Fahasa,[]
9398459,44065,90527745,5,Hài lòng,Giao hàng khá nhanh. Bản gốc Nhật rất thỏa lòng fan cứng của truyện. Mong Fahasa nhanh chóng nhập hàng những quyển đang hết hàng.,approved,0,0,[],53660,Nhà sách Fahasa,[]
16975369,27780330,90527745,5,Cực kì hài lòng,,approved,0,0,[],53660,Nhà sách Fahasa,[]
16880309,17154720,90527745,5,Cực kì hài lòng,,approved,0,0,[],53660,Nhà sách Fahasa,[]
9496940,21280674,90527745,4,Hài lòng,bìa truyện bị nhăn nhưng ko sao,approved,1,0,"[{'id': 1921125, 'full_path': 'https://salt.tikicdn.com/ts/review/08/e4/f4/7f1f3b2110e28ab394f5aa7edbbe38b7.jpg', 'status': 'approved'}]",53660,Nhà sách Fahasa,[]
15011061,25900276,90527745,4,Hài lòng,,approved,0,0,[],53660,Nhà sách Fahasa,[]
14826670,769115,90527745,5,Cực kì hài lòng,,approved,0,0,[],53660,Nhà sách Fahasa,[]
14576920,610663,90527745,5,Cực kì hài lòng,,approved,0,0,[],53660,Nhà sách Fahasa,[]
13932208,22576748,90527745,5,Cực kì hài lòng,,approved,0,0,[],53660,Nhà sách Fahasa,[]
9519908,20456400,90527745,5,Cực kì hài lòng,truyện rất hay và đóng gói kĩ,approved,0,0,[],53660,Nhà sách Fahasa,[]
10038943,5952016,90527745,5,Cực kì hài lòng,,approved,0,0,[],53660,Nhà sách Fahasa,[]
17315729,22868890,80960282,5,Cực kì hài lòng,"hàng về được bọc cẩn thận, khi bóc hàng ra và đọc thì giấy khá là tốt",approved,0,0,[],53660,Nhà sách Fahasa,[]
9234865,13780035,80960282,5,Cực kì hài lòng,"Truyện không bị rách hay cong gì hết, may quá mình tìm mãi cái vol 9 này mới thấy :,33",approved,0,0,"[{'id': 1851755, 'full_path': 'https://salt.tikicdn.com/ts/review/33/9e/08/68dbac2d09c02fc468972b96e942f86d.jpg', 'status': 'approved'}]",53660,Nhà sách Fahasa,[]
17527289,27780330,80960282,5,Cực kì hài lòng,,approved,0,0,[],53660,Nhà sách Fahasa,[]
17347230,20721603,80960282,5,Cực kì hài lòng,,approved,0,0,[],53660,Nhà sách Fahasa,[]
16664947,14065550,80960282,5,Cực kì hài lòng,,approved,0,0,[],53660,Nhà sách Fahasa,[]
13595166,17332900,80960282,4,Hài lòng,,approved,0,0,[],53660,Nhà sách Fahasa,[]
10898802,16660816,80960282,5,Cực kì hài lòng,,approved,0,0,[],53660,Nhà sách Fahasa,[]
9382238,21402520,80960282,5,Cực kì hài lòng,,approved,0,0,[],53660,Nhà sách Fahasa,[]
9373715,545221,80960282,5,Cực kì hài lòng,,approved,0,0,[],53660,Nhà sách Fahasa,[]
9248879,17485589,80960282,5,Cực kì hài lòng,,approved,0,0,[],53660,Nhà sách Fahasa,[]
9242778,1926564,80960282,4,Hài lòng,,approved,0,0,[],53660,Nhà sách Fahasa,[]
16319844,6688224,74539172,5,Cực kì hài lòng,a,approved,0,0,[],12696,Blue Horizon Books,[]
13881513,610663,80960296,5,Cực kì hài lòng,Vẫn là được nguyên seal và không bị df 🙆🏻‍♀️,approved,1,0,"[{'id': 2899626, 'full_path': 'https://salt.tikicdn.com/ts/review/e9/ae/11/f714a8293dc4e20d0f4541c8ecf6af15.jpg', 'status': 'approved'}]",53660,Nhà sách Fahasa,[]
10880717,21280674,80960296,5,Cực kì hài lòng,mua đc cuốn của bias mừng mún chớt,approved,0,0,"[{'id': 2234255, 'full_path': 'https://salt.tikicdn.com/ts/review/d0/ae/f8/3a02c2757b7420e99b3d9d41b018a004.jpg', 'status': 'approved'}, {'id': 2234256, 'full_path': 'https://salt.tikicdn.com/ts/review/a2/a7/bf/5a491af798d27701cd1c873b9150a299.jpg', 'status': 'approved'}]",53660,Nhà sách Fahasa,[]
17527292,27780330,80960296,5,Cực kì hài lòng,,approved,0,0,[],53660,Nhà sách Fahasa,[]
13932207,22576748,80960296,5,Cực kì hài lòng,,approved,0,0,[],53660,Nhà sách Fahasa,[]
10708576,22360806,80960296,5,Cực kì hài lòng,Jdjdjdhx,approved,0,0,[],53660,Nhà sách Fahasa,[]
11034351,22478895,80960296,5,Cực kì hài lòng,,approved,0,0,[],53660,Nhà sách Fahasa,[]
8524714,17415324,80960296,5,Cực kì hài lòng,đẹp,approved,0,0,[],53660,Nhà sách Fahasa,[]
14184092,17708328,80960294,5,Cực kì hài lòng,"Sang xịn mịn vl, mng nên mua nhé 
Truyện đẹp giá cả ổn áp sẽ mua nữa cho full bộ luôn hehe hêh",approved,0,0,"[{'id': 2967979, 'full_path': 'https://salt.tikicdn.com/ts/review/8c/15/50/aa993f13c3a22b1d781c2a045fdd604d.jpg', 'status': 'approved'}]",53660,Nhà sách Fahasa,[]
13005342,22739669,80960294,5,Cực kì hài lòng,"sách đẹp, dịch nhưng chỉ mất 1 tuần để giao đến nơi",approved,0,0,"[{'id': 2699319, 'full_path': 'https://salt.tikicdn.com/ts/review/52/12/8e/e58cdfdff9ab8306aebfe41cbfd6de28.jpg', 'status': 'approved'}, {'id': 2699320, 'full_path': 'https://salt.tikicdn.com/ts/review/48/28/4f/ed7c5fcc9fb5b7d2cae3e600171450ea.jpg', 'status': 'approved'}]",53660,Nhà sách Fahasa,[]
9395713,44065,80960294,5,Cám ơn Fahasa,"Giá hợp lý, tương tự mua tại Nhật, cảm ơn Fahasa đã giúp bạn đọc đến gần hơn với tác phẩm gốc. Vừa giải trí vừa rèn luyện tiếng Nhật còn gì bằng.",approved,1,1,[],53660,Nhà sách Fahasa,[]
17358603,27942644,80960294,5,Cực kì hài lòng,sản phẩm dc đóng gói cẩn thận,approved,0,0,[],53660,Nhà sách Fahasa,[]
16039874,16308007,80960294,5,Cực kì hài lòng,như trên :3,approved,0,0,"[{'id': 3434558, 'full_path': 'https://salt.tikicdn.com/ts/review/b1/c0/2b/5a5710cf9d82bebafb5b4078f9e4b13a.jpg', 'status': 'approved'}]",53660,Nhà sách Fahasa,[]
10447997,13170688,80960294,5,Cực kì hài lòng,"ổn áp mng ạ :))) tiền nào của nấy nhưng mua chủ yếu trưng bày hoy ạ, đọc hong hỉu gì đâu;--;",approved,0,0,[],53660,Nhà sách Fahasa,[]
16975358,27780330,80960294,5,Cực kì hài lòng,,approved,0,0,[],53660,Nhà sách Fahasa,[]
14862830,21452477,80960294,5,Cực kì hài lòng,,approved,0,0,[],53660,Nhà sách Fahasa,[]
14741769,14957278,80960294,5,Cực kì hài lòng,,approved,0,0,[],53660,Nhà sách Fahasa,[]
14576921,610663,80960294,5,Cực kì hài lòng,,approved,0,0,[],53660,Nhà sách Fahasa,[]
10482863,9706464,80960294,5,Cực kì hài lòng,Yeyeyeyey,approved,0,0,"[{'id': 2151366, 'full_path': 'https://salt.tikicdn.com/ts/review/de/3d/41/843b437b837164b1fe0287b6fe028df9.jpg', 'status': 'approved'}]",53660,Nhà sách Fahasa,[]
9687459,19824849,80960294,5,Cực kì hài lòng,,approved,0,0,"[{'id': 1964542, 'full_path': 'https://salt.tikicdn.com/ts/review/5f/93/40/72d849bc1244ea3aeed7e5aed7794fb8.jpg', 'status': 'approved'}]",53660,Nhà sách Fahasa,[]
20162281,778461,275793251,5,Cực kì hài lòng,,approved,0,1,[],170925,Dtpbooks,[]
20020367,27891689,275793251,5,Cực kì hài lòng,,approved,0,1,[],170925,Dtpbooks,[]
19273567,25215832,190695473,5,Cực kì hài lòng,,approved,0,0,[],53660,Nhà sách Fahasa,[]
14978949,21838660,91985537,5,Cực kì hài lòng,,approved,0,1,[],146243,ETS Books,[]
13504062,21233527,91985537,5,Cực kì hài lòng,,approved,0,1,[],146243,ETS Books,[]
12754858,320778,91985537,5,Cực kì hài lòng,,approved,0,1,[],145814,Omega Plus Books,[]
8959337,11607664,77576477,5,٩(๑❛ワ❛๑)و,Gất tuỵt zời xincamon ᕙ(͡°‿ ͡°)ᕗᕙ(͡°‿ ͡°)ᕗᕙ(͡°‿ ͡°)ᕗᕙ(͡°‿ ͡°)ᕗᕙ(͡°‿ ͡°)ᕗᕙ(͡°‿ ͡°)ᕗᕙ(͡°‿ ͡°)ᕗᕙ(͡°‿ ͡°)ᕗ,approved,1,0,"[{'id': 1800825, 'full_path': 'https://salt.tikicdn.com/ts/review/b2/29/7c/54e876cee2adacda8fea684758d7ee3d.jpg', 'status': 'approved'}]",53660,Nhà sách Fahasa,[]
15186791,26751383,77576477,5,Cực kì hài lòng,"Seal df, giao nhanh",approved,0,0,"[{'id': 3178580, 'full_path': 'https://salt.tikicdn.com/ts/review/69/f7/9b/62d43a12ffc3bb5c9cbace177504a7a2.jpg', 'status': 'approved'}]",53660,Nhà sách Fahasa,[]
16975352,27780330,77576477,5,Cực kì hài lòng,,approved,0,0,[],53660,Nhà sách Fahasa,[]
13005300,22739669,77576477,5,Cực kì hài lòng,"sách vẫn còn seal, rất đẹp",approved,0,0,[],53660,Nhà sách Fahasa,[]
14576922,610663,77576477,5,Cực kì hài lòng,,approved,1,0,[],53660,Nhà sách Fahasa,[]
8816777,20730591,77576477,2,Không hài lòng,"giao hàng chậm quá, tốn quá nhiều ngày",approved,1,1,[],53660,Nhà sách Fahasa,[]
9299617,17539687,77576477,5,Cực kì hài lòng,,approved,0,0,[],53660,Nhà sách Fahasa,[]
9362754,9885276,324058,5,Cực kì hài lòng,,approved,0,0,[],1,Tiki Trading,[]
5250975,2065757,324058,5,Cực kì hài lòng,,approved,0,0,[],53660,Nhà sách Fahasa,[]
20162301,778461,275792801,5,Cực kì hài lòng,,approved,0,1,[],170925,Dtpbooks,[]
17351741,14836718,158868414,5,Cực kì hài lòng,"hàng còn nguyên seal, đóng hàng chắc chắn. Nhìn mê cực lunnn",approved,0,0,"[{'id': 3774150, 'full_path': 'https://salt.tikicdn.com/ts/review/7c/b0/3c/21a0f2be98a5cdf21b8d7052de554c97.jpg', 'status': 'approved'}, {'id': 3774151, 'full_path': 'https://salt.tikicdn.com/ts/review/7e/3a/6f/485f441ef17930e5b7637cc5bc50a80b.jpg', 'status': 'approved'}]",53660,Nhà sách Fahasa,[]
15495765,5509299,158868414,5,Cực kì hài lòng,Ok,approved,0,0,"[{'id': 3250410, 'full_path': 'https://salt.tikicdn.com/ts/review/ee/68/9f/55d8fdf5c44d069e7b937b61f12c000e.jpg', 'status': 'approved'}, {'id': 3250411, 'full_path': 'https://salt.tikicdn.com/ts/review/ee/68/9f/cf044a29eaeeb78b2f366f4be53c6c55.jpg', 'status': 'approved'}, {'id': 3250412, 'full_path': 'https://salt.tikicdn.com/ts/review/ee/68/9f/a1b37ca172fdb1a804fcac6daf8e0849.jpg', 'status': 'approved'}, {'id': 3250416, 'full_path': 'https://salt.tikicdn.com/ts/review/ee/68/9f/597218802e0e930d590eedad2faac20c.jpg', 'status': 'approved'}]",53660,Nhà sách Fahasa,[]
15943733,21172228,158868414,5,Cực kì hài lòng,Xinh đẹo tuyện zời😻💅✨,approved,0,0,"[{'id': 3375830, 'full_path': 'https://salt.tikicdn.com/ts/review/b6/c2/19/39e3a15194d547ce368fe82dc52fbd22.jpg', 'status': 'approved'}, {'id': 3375831, 'full_path': 'https://salt.tikicdn.com/ts/review/d6/51/b2/dc776bd7f75e68d1290a666ce8a1a13c.jpg', 'status': 'approved'}]",53660,Nhà sách Fahasa,[]
16761783,27457364,158868414,5,Cực kì hài lòng,tuyệt,approved,0,0,[],53660,Nhà sách Fahasa,[]
16410235,26596545,158868414,5,Cực kì hài lòng,,approved,0,0,[],53660,Nhà sách Fahasa,[]
16113027,10092627,158868414,5,Cực kì hài lòng,,approved,0,0,[],53660,Nhà sách Fahasa,[]
16003501,19484849,158868414,5,Cực kì hài lòng,,approved,0,0,[],53660,Nhà sách Fahasa,[]
15428617,16499889,158868414,5,Cực kì hài lòng,,approved,0,0,[],53660,Nhà sách Fahasa,[]
15410226,26700481,158868414,5,Cực kì hài lòng,,approved,0,0,[],53660,Nhà sách Fahasa,[]
14989592,20510435,101871147,4,Hài lòng,,approved,1,0,"[{'id': 3137356, 'full_path': 'https://salt.tikicdn.com/ts/review/ec/17/ba/97f58fbfbadb6b88da56dfbd884d70e8.jpg', 'status': 'approved'}, {'id': 3137357, 'full_path': 'https://salt.tikicdn.com/ts/review/90/5f/58/78ed08e5b91e3200abc0bbdea4bb84d2.jpg', 'status': 'approved'}]",53660,Nhà sách Fahasa,[]
16159795,20283761,101871147,5,Cực kì hài lòng,,approved,0,0,[],53660,Nhà sách Fahasa,[]
15037891,20494560,101871147,5,Cực kì hài lòng,😘😘😘,approved,0,0,[],53660,Nhà sách Fahasa,[]
15451148,14593889,101871147,5,Cực kì hài lòng,,approved,0,0,[],53660,Nhà sách Fahasa,[]
15359840,26901215,101871147,4,Hài lòng,,approved,0,0,[],53660,Nhà sách Fahasa,[]
13894780,25942156,101871147,5,Cực kì hài lòng,,approved,0,0,[],53660,Nhà sách Fahasa,[]
15755187,22864274,101870952,5,Cực kì hài lòng,sách xinh lắm luôn..,approved,0,0,"[{'id': 3314883, 'full_path': 'https://salt.tikicdn.com/ts/review/91/eb/87/fc35f6b855d5e9418886744570bd7c04.jpg', 'status': 'approved'}, {'id': 3314884, 'full_path': 'https://salt.tikicdn.com/ts/review/fb/af/a2/8414599628398f51a9d6e15ceb525825.jpg', 'status': 'approved'}]",53660,Nhà sách Fahasa,[]
13748526,22742936,93297992,5,Cực kì hài lòng,,approved,0,0,[],12954,MCBooks,[]
16176035,13356570,77702358,5,Cực kì hài lòng,Ok ạ,approved,0,0,[],53660,Nhà sách Fahasa,[]
15760508,27231707,75405442,5,Cực kì hài lòng,,approved,0,0,[],53660,Nhà sách Fahasa,[]
15460304,16499889,75405442,5,Cực kì hài lòng,,approved,0,0,[],53660,Nhà sách Fahasa,[]
14900440,18142653,75405442,5,Cực kì hài lòng,,approved,0,0,[],53660,Nhà sách Fahasa,[]
9978698,11653973,3529953,4,Hài lòng,File âm thanh trong sách link đính kèm đã không còn nữa. Mình lên search cho các bé nghe thì không thấy link đâu hết. Không biết giờ dạy phần listening thế nào luôn á. Mong bên mình gửi giúp mình file nghe qua mail ***.,approved,0,0,[],53660,Nhà sách Fahasa,[]
13018993,13097836,3529953,3,Hài lòng,"Sách bị quán góc vì ướt rồi. 
Tiki giao nhanh nhưng lần đầu tiên mình nhận sách bị lỗi như vậy.",approved,0,0,"[{'id': 2703125, 'full_path': 'https://salt.tikicdn.com/ts/review/d9/9d/00/1e50a53f287e717fef3d46cc2b88a5d9.jpg', 'status': 'approved'}]",53660,Nhà sách Fahasa,[]
15742392,22192597,3529953,5,Cực kì hài lòng,"Sách đẹp, giao nhanh",approved,0,0,"[{'id': 3312154, 'full_path': 'https://salt.tikicdn.com/ts/review/3e/bf/13/736a275ceb26d724225eb6ddca0bface.jpg', 'status': 'approved'}]",53660,Nhà sách Fahasa,[]
13137342,24702824,3529953,5,Cực kì hài lòng,Giao nhanh. Sản phẩm rất chất lượng. Uy tín,approved,1,0,"[{'id': 2744759, 'full_path': 'https://salt.tikicdn.com/ts/review/9f/f0/e4/fc54528c372d65f5b0a35102d511fb2e.jpg', 'status': 'approved'}]",53660,Nhà sách Fahasa,[]
16758853,82593,3529953,4,Hài lòng,,approved,0,0,[],53660,Nhà sách Fahasa,[]
16495994,14914465,3529953,5,Cực kì hài lòng,tốt,approved,0,0,[],53660,Nhà sách Fahasa,[]
15091156,6885752,3529953,5,Hài lòng,"sách đẹp, đóng gói tốt",approved,0,0,[],53660,Nhà sách Fahasa,[]
16021590,15076576,3529953,5,Cực kì hài lòng,,approved,0,0,[],53660,Nhà sách Fahasa,[]
15801539,6697064,3529953,5,Cực kì hài lòng,,approved,0,0,[],53660,Nhà sách Fahasa,[]
2808814,14962639,3529953,2,Sản phẩm chất lượng kém,"Sản phẩm chất lượng kém, góc sách bị cong và bẩn rất mất thẩm mĩ",approved,0,1,"[{'id': 735452, 'full_path': 'https://salt.tikicdn.com/ts/review/b6/d6/1d/63f84d178a8cebe37860d172c56aa6ed.jpg', 'status': 'approved'}, {'id': 735453, 'full_path': 'https://salt.tikicdn.com/ts/review/d0/2b/ee/be8831b9346cad755480b6d2888f47e9.jpg', 'status': 'approved'}, {'id': 735454, 'full_path': 'https://salt.tikicdn.com/ts/review/10/32/78/63898c39fdd675fb9a2b53193d974e6e.jpg', 'status': 'approved'}]",1,Tiki Trading,[]
14739461,26659822,3529953,5,Cực kì hài lòng,,approved,0,0,[],53660,Nhà sách Fahasa,[]
5181040,10594522,3529953,5,giao hàng,"rất nhanh chóng và tiện lợi , giao hang nhanh , gái cả hợp lý , nhiều hang hóa thông dung cho cuộc sống",approved,0,0,[],1,Tiki Trading,[]
10935997,18381347,3529953,5,Cực kì hài lòng,hay,approved,0,0,"[{'id': 2245184, 'full_path': 'https://salt.tikicdn.com/ts/review/5f/f6/a3/9d8925183026e4fd3385274144da4a60.jpg', 'status': 'approved'}]",53660,Nhà sách Fahasa,[]
13498872,21162830,3529953,5,Cực kì hài lòng,sp ok,approved,0,0,[],53660,Nhà sách Fahasa,[]
13863838,7184547,3529953,4,Hài lòng,,approved,0,0,[],53660,Nhà sách Fahasa,[]
13794122,7685537,3529953,4,Hài lòng,,approved,0,0,[],53660,Nhà sách Fahasa,[]
13712340,1274864,3529953,5,Cực kì hài lòng,,approved,0,0,[],53660,Nhà sách Fahasa,[]
13670354,8158438,3529953,5,Cực kì hài lòng,,approved,0,0,[],53660,Nhà sách Fahasa,[]
13501166,25613164,3529953,5,Cực kì hài lòng,,approved,0,0,[],53660,Nhà sách Fahasa,[]
12482497,775443,3529953,5,Cực kì hài lòng,cảm ơn Tiki,approved,0,0,[],53660,Nhà sách Fahasa,[]
13317421,14110502,3529953,4,Hài lòng,,approved,0,0,[],53660,Nhà sách Fahasa,[]
13199496,2120561,3529953,5,Cực kì hài lòng,,approved,0,0,[],53660,Nhà sách Fahasa,[]
12854543,13469003,3529953,5,Cực kì hài lòng,,approved,0,0,[],53660,Nhà sách Fahasa,[]
12773240,11109127,3529953,5,Cực kì hài lòng,,approved,0,0,[],53660,Nhà sách Fahasa,[]
12714833,6874567,3529953,5,Cực kì hài lòng,,approved,0,0,[],53660,Nhà sách Fahasa,[]
12635275,20854951,3529953,5,Cực kì hài lòng,,approved,0,0,[],53660,Nhà sách Fahasa,[]
5036167,18614553,3529953,5,Cực kì hài lòng,"Giao hang nhanh, dong goi can than, hang dep, se ung ho",approved,0,0,"[{'id': 3648150, 'full_path': 'https://salt.tikicdn.com/ts/review/db/aa/6d/671af7b7d88a0b3036ac23b5f1016755.jpg', 'status': 'approved'}]",1,Tiki Trading,[]
12129367,23360332,3529953,5,Cực kì hài lòng,,approved,0,0,[],53660,Nhà sách Fahasa,[]
11955543,22808158,3529953,5,Cực kì hài lòng,tot,approved,0,0,[],53660,Nhà sách Fahasa,[]
11948689,11017563,3529953,5,Cực kì hài lòng,,approved,0,0,[],53660,Nhà sách Fahasa,[]
11473368,19925969,3529953,5,Cực kì hài lòng,good,approved,0,0,[],53660,Nhà sách Fahasa,[]
11432758,8279275,3529953,5,Cực kì hài lòng,,approved,0,0,[],53660,Nhà sách Fahasa,[]
11431242,677979,3529953,5,Cực kì hài lòng,,approved,0,0,[],53660,Nhà sách Fahasa,[]
11339044,22216921,3529953,5,Cực kì hài lòng,,approved,0,0,[],53660,Nhà sách Fahasa,[]
11044854,17239891,3529953,5,Cực kì hài lòng,,approved,0,0,[],1,Tiki Trading,[]
11031133,16621708,3529953,5,Cực kì hài lòng,,approved,0,0,[],53660,Nhà sách Fahasa,[]
10759211,22235414,3529953,5,Cực kì hài lòng,,approved,0,0,[],53660,Nhà sách Fahasa,[]
10514742,22208739,3529953,5,Cực kì hài lòng,,approved,0,0,[],53660,Nhà sách Fahasa,[]
10511195,22149142,3529953,5,Cực kì hài lòng,,approved,0,0,[],53660,Nhà sách Fahasa,[]
10507138,1556175,3529953,5,Cực kì hài lòng,,approved,0,0,[],53660,Nhà sách Fahasa,[]
10116254,13852070,3529953,5,Cực kì hài lòng,,approved,0,0,[],1,Tiki Trading,[]
7705072,6934564,3529953,5,Cực kì hài lòng,,approved,0,0,[],1,Tiki Trading,[]
7668175,16683473,3529953,5,Cực kì hài lòng,,approved,0,0,[],1,Tiki Trading,[]
6142014,6374323,3529953,5,Cực kì hài lòng,rất hài lòng,approved,0,0,[],53660,Nhà sách Fahasa,[]
6141994,6374323,3529953,5,Cực kì hài lòng,rất hài lòng,approved,0,0,[],53660,Nhà sách Fahasa,[]
7481420,1057472,3529953,5,Cực kì hài lòng,,approved,0,0,[],1,Tiki Trading,[]
4848368,14221719,3529953,5,Cực kì hài lòng,sách được bao rất kĩ lưỡng,approved,0,0,[],53660,Nhà sách Fahasa,[]
6166297,11860665,3529953,5,Cực kì hài lòng,good good,approved,0,0,[],53660,Nhà sách Fahasa,[]
6931836,7045089,3529953,5,Cực kì hài lòng,,approved,0,0,[],1,Tiki Trading,[]
6912978,18988620,3529953,5,Cực kì hài lòng,,approved,0,0,[],1,Tiki Trading,[]
6448743,7701176,3529953,5,Cực kì hài lòng,,approved,0,0,[],1,Tiki Trading,[]
6279112,18812001,3529953,5,Cực kì hài lòng,,approved,0,0,[],1,Tiki Trading,[]
6243865,7473428,3529953,5,Cực kì hài lòng,,approved,0,0,[],1,Tiki Trading,[]
5986789,19007793,3529953,5,Cực kì hài lòng,,approved,0,0,[],1,Tiki Trading,[]
5841326,1035980,3529953,5,Cực kì hài lòng,,approved,0,0,[],1,Tiki Trading,[]
5686447,6850650,3529953,5,Cực kì hài lòng,,approved,0,0,[],53660,Nhà sách Fahasa,[]
5473011,8711678,3529953,4,Hài lòng,,approved,0,0,[],1,Tiki Trading,[]
5382298,6850650,3529953,5,Cực kì hài lòng,,approved,0,0,[],53660,Nhà sách Fahasa,[]
5231156,17821645,3529953,5,Cực kì hài lòng,,approved,0,0,[],1,Tiki Trading,[]
5221399,1083985,3529953,5,Cực kì hài lòng,,approved,0,0,[],1,Tiki Trading,[]
5042796,18393083,3529953,4,Hài lòng,,approved,0,0,[],1,Tiki Trading,[]
5012564,5182812,3529953,5,Cực kì hài lòng,,approved,0,0,[],1,Tiki Trading,[]
4810378,8008240,3529953,5,Cực kì hài lòng,,approved,0,0,[],1,Tiki Trading,[]
4704031,11173644,3529953,4,Hài lòng,,approved,0,0,[],1,Tiki Trading,[]
3734173,17346754,3529953,5,Cực kì hài lòng,,approved,0,0,[],1,Tiki Trading,[]
2152997,8976314,3529953,5,Sản phẩm chất lượng,"Sách giống mô tả.
Hình ảnh đẹp.
Đóng gói cẩn thận và kỹ lưỡng.
Tặng shop 5 sao nhé!",approved,1,0,[],1,Tiki Trading,[]
20084236,8494041,193107411,5,Cực kì hài lòng,,approved,0,0,[],53660,Nhà sách Fahasa,[]
19015521,12803236,193107411,5,Cực kì hài lòng,,approved,0,0,[],53660,Nhà sách Fahasa,[]
12315529,17622365,91089827,5,Cực kì hài lòng,Chainsaw Man đã có mặt tại Tiki rồi. Giá rất ổn và Tiki vận chuyển truyện cho mình trong mùa dịch rất nhanh chóng nữa. I love Tiki❤,approved,0,0,"[{'id': 2523141, 'full_path': 'https://salt.tikicdn.com/ts/review/ea/6d/43/89a403feaa16ecc03943d169165c6761.jpg', 'status': 'approved'}]",53660,Nhà sách Fahasa,[]
19002237,26072069,91089827,5,Cực kì hài lòng,,approved,0,0,[],53660,Nhà sách Fahasa,[]
17229111,27600046,91089827,5,Cực kì hài lòng,,approved,0,0,[],53660,Nhà sách Fahasa,[]
16770883,27666588,91089827,4,Hài lòng,,approved,0,0,[],53660,Nhà sách Fahasa,[]
14168975,11214883,91089827,5,Cực kì hài lòng,,approved,0,0,[],53660,Nhà sách Fahasa,[]
13453845,25009886,91089827,5,Cực kì hài lòng,,approved,0,0,[],53660,Nhà sách Fahasa,[]
10819524,21051003,91089827,5,Cực kì hài lòng,,approved,0,0,[],53660,Nhà sách Fahasa,[]
12315527,17622365,91089792,5,Cực kì hài lòng,Chainsaw Man đã có mặt tại Tiki rồi. Giá rất ổn và Tiki vận chuyển truyện cho mình trong mùa dịch rất nhanh chóng nữa. I love Tiki❤,approved,0,0,"[{'id': 2523140, 'full_path': 'https://salt.tikicdn.com/ts/review/ea/6d/43/56e2725de1f8ac1bbef674f352ac4a2a.jpg', 'status': 'approved'}]",53660,Nhà sách Fahasa,[]
18313051,23302629,91089792,5,Cực kì hài lòng,,approved,0,0,[],53660,Nhà sách Fahasa,[]
17812284,18341694,91089792,5,Cực kì hài lòng,,approved,0,0,[],53660,Nhà sách Fahasa,[]
16626058,12303513,91089792,5,Cực kì hài lòng,,approved,0,0,[],53660,Nhà sách Fahasa,[]
16083010,27250221,91089792,5,Cực kì hài lòng,,approved,0,0,[],53660,Nhà sách Fahasa,[]
14873021,15334212,91089792,5,Cực kì hài lòng,,approved,0,0,[],53660,Nhà sách Fahasa,[]
13453844,25009886,91089792,5,Cực kì hài lòng,,approved,0,0,[],53660,Nhà sách Fahasa,[]
17419654,27780330,91089699,5,Cực kì hài lòng,"không xước, móp nchung là ko df gói hàng rất ưng bụng",approved,0,0,[],53660,Nhà sách Fahasa,[]
16499604,26693351,91089699,5,Cực kì hài lòng,truyện ok,approved,1,0,"[{'id': 3523973, 'full_path': 'https://salt.tikicdn.com/ts/review/e9/e6/89/97096a8ec0407de89713fb7b945b288d.jpg', 'status': 'approved'}]",53660,Nhà sách Fahasa,[]
16702085,7056303,91089699,5,Cực kì hài lòng,,approved,0,0,[],53660,Nhà sách Fahasa,[]
10482848,9706464,91089699,5,Cực kì hài lòng,Yeyeyeyeyey,approved,0,0,[],53660,Nhà sách Fahasa,[]
12315522,17622365,91089728,5,Cực kì hài lòng,Chainsaw Man đã có mặt tại Tiki rồi. Giá rất ổn và Tiki vận chuyển truyện cho mình trong mùa dịch rất nhanh chóng nữa. I love Tiki❤,approved,1,0,"[{'id': 2523139, 'full_path': 'https://salt.tikicdn.com/ts/review/ea/6d/43/fcf0c1a23dbb197987e907bccbd0a0ba.jpg', 'status': 'approved'}]",53660,Nhà sách Fahasa,[]
18161286,21294778,91089728,5,Cực kì hài lòng,,approved,0,0,[],53660,Nhà sách Fahasa,[]
16770881,27666588,91089728,4,Hài lòng,,approved,1,0,[],53660,Nhà sách Fahasa,[]
9894442,21565197,91089648,5,Hài lòng,hàng tốt,approved,0,0,[],53660,Nhà sách Fahasa,[]
16176029,13356570,73866038,5,Cực kì hài lòng,Ok ạ,approved,0,0,[],53660,Nhà sách Fahasa,[]
